006ea1666a6673148b325dcc9fba68095b8a9c9b	35f6a0172e5cd9d259619c4685d85aa937c5f6d1
01208414896c8db18f1614f780293ce3c0765e81	16f0bdbd5fb3ca97f3f38251bb859b1acb2167dd
013a945b122e160646d19a980dc1bbad09b9b003	706de084dbef0f66ee0917a496108b882b7f4db7
0184e32fdf9193ac70aec2cae44835c1ea0ce2f1	7a90e8004d37b8dab3803cc688ced1fcfcf70997
019302551158f7f5e7881baa148b31d425c1e906	245b8912b16b122e787d6da9ec5d78a1c9ddc676
01b57b40fd4764aaa8c3b040871e3eeafca09c58	c20bf9a03181758d17775c2baec0b33125fcb4e1
01cb4f97a5fe40d1646ce6b0d08caabccfe974d0	70f850ab07bb264e943bacd8211246d1762a9643
01d1550db19a465cf4abe1f55f5d5f8e73b040a1	dcfd9b29c6329aad93aee0dd5372fd9bd9e81526
028521a5ab9e1f6a9fe500fbc8cc953142d63688	b995fd75fe31cb929a04259a8531f5d80005705d
02c758aa941314e2b2c109ce0e09943a47a93d99	17befa5e69dc2b2b301195f788381b831538b63b
0302ef01935a41fe9b6bc96c8c9a64b448034d5d	9247c4570ea55294cd8d3b7b4e1dc20ae1296ce4
031eeabff06a95d717243034c83ce22b815270d6	ce8273bfd67957fa708794d972e5ffec5e4d373a
032f2b05831ce9b969040e2fd44957237727325f	860eed56f41099adbb7f3d5c06fd4daa1f5002d5
0398be65e980e754554e6ac06cf1a090de3988a5	f187fb9c62394d11f9146bba08e69cbe76ddebfe
03dcb39e975bd06ddf4d44ed539f46a844282a1a	36913771d80eab72798bf909ddd5b6714975b6ea
0405661e7bc595284c1da2be3a76cc8dc8a753b8	0732b380b353310c54cfdaf9f2234417c16f027a
041f75d2cfce53ee1687a5a06c6dbf166ddbbaad	974f3b08374e21b7e392702d78da9658dd23793b
0430c07ff2d0a6590b13e7b5e30ccb0e701309ed	4e2c8d7b02ad00035eb3d2027a2b22a46e696f60
04515e0a34b30d0fc5ea50bac66e0d2f7c0fe3f2	e55d1390503b5e96c128197b88273323c298145f
05094d8cfe56b6515adef681f212587e3089a500	eb066d6032b41a9a590a335cb2755ab8eccedd7e
056ad01c0bfad3982f116010317a20996bd9709c	63cd10ae419887aa9f2923e750d2077b3e41bea0
057a71412884d1eecb32633fc8293224a7ffeb2d	16592bbb81f72325c37ec4d6297a4cfb3ab78c86
057f96cb12d2dd1fea6e505acb4c89d620abc378	6d70b6d3788ca327ac778bbbcd06be04a4d6a398
05cdcd09cfc6999e6c8ff6cd2d292ca1b917713d	b82b0ac5c447fdba0e41852938df44b5bc2f849c
05e6b180ee05989a6039cd95a9bfc1372a9e46d0	5e26c6348cb05c64748fcfad41c86ab90aabd2fb
05eecc7cef037e8e1114b17cab75c0be606d752c	921c32a683e08da18f676f8345f4b73d2b49b993
06261a7a6546b3a2209a1beed82465dac40c1843	1f93af3bfe024d41d80de7a1c40701dedf7a34f2
062780df2755ac02ceac6e471df92019c2914400	617f59829cf37570842f54fabe92149938889e4d
062c644f23a88d6fb7c8add96fa752345bff7b39	6eca0334a91d8306069e103717dedcf7fef25303
063c62ff4161aa6f88787da2004000ffd3062830	e2cbb534d62769bb3016e872601f2bf29a701271
064c4226d7d951c28e1dfbc509b09d0727e55bc5	6f11d56ba2fc6197f790052de6a64a6bd8ab46a2
0677e884fe9ad97a0007e7f2473b24032c03f230	0ec16dc815bab909e8cd78e0d17e097558d1336a
06c3e48a7534bacdb40c91c4234cf869d7605692	c161f8b1ac60f122b87f0707b9713df63332e30d
06f7897039bb6e1693c28a0e03c0a57a6ca56317	cfcd33caeb22b3b4bea4b6dd4c318ae1ec98efed
0810d39ed21efabfa24b28197d23eb2ded933cf9	ada7e8533988eaef6a485155ffabe36b94359537
081be73592edfa6cc5be0b89265f795b949a68d1	edd1aa81db1e3cb4c1a8ab2db1012241e97ee948
0856a3d32700a0be7aa518f9bc3c5a6318810a00	2403c12668511544c9815201771e2ff192fcfe76
08bf3c38ffdd2e572fca4568289c6250d444a7df	f46d0d16f6a2b0c4f1842b3d3f1f02824e40b64b
08fcc512f5f64213756207c3e8f6ac655d615f8f	abce0b49236783c5f2700fdf8fc867b06bf819ed
09566bcabbb3b4e1507a34306b2ab99ce93f8e57	deb9511dc80fefb358ca050e96ff460c46ab5731
09f116a975c794461c899c78ddd56dcec4c7bdab	d9efaf251008df81b53be0d417587dc1fedb5bc9
0accc1b04bb59f8170d3dd9516914b9d1e976fb4	aaa5167637c1377af4bfe545e08e8a8e20f8e40d
0aeb9f4d25bbd3ceaa459973c1d7326d5d2e919d	97bb904d210643fba889169ec30b89dd69856652
0aec61fb901d85e5509b933178bf5ddde10c57c2	073a48ab6d7326a7664807d814588eccf02cf282
0b2241b7da4036486f157b82b59d150c18b375e4	37d45f3ed787f75da64dc9f38dbe14765c164614
0b61ec7345507ac96f650ca625e4d80fb3e0fe44	58c9f68ace6210131b1bb2dd52210a38ccea8a17
0c00c2a1f14cebb3ddce70f423de72ec0f1e6e15	d054b40b4d91d3a103abb55539a6885884d04429
0c106b81f62bba17eace1f14751d6c3be211dbd4	438fd53bf4a28e2bb9a2e4d4d5a66ec605a00407
0c294ba8ce2ce2a525f3dcecb2d741723c2486a2	e9209978078d760ef27e45c420eead3a2055b126
0cd05225dcaa683f9e6b0fb84c64be5d90afd603	27cebeecb5d5529b372f39950dc454c1ee4c6665
0ce7414a3c22e3357816e08a76ed0b1478f3e41d	17fba0aa7d12ecf42985d2f32c4b0ed1fec2dd1b
0d3ea5d1b6357c78037a6a8837e0f778fac904c2	e35021d189b0f9341aa6b0a56770542c5b4557e0
0d409653fea7d388d4473b1018488fefe91d5867	b2dcf6d9ee42b9e5fb7df4102a4c97ab1c6c3640
0d8400c57820640216b709a22e434981e26d88a8	4d96fdf6bcd22a074227b1683d47e3f6b29bbba2
0db2e1ece81335f9f5483454c13a97ac7a34f6d3	0bd6ecf96980505ca11b57d6a94cdf0be800b143
0e6b8ded02057cefba884aca86ebaca9ed070aad	649190b1f6e40aac8c53b7763baec2b8800d37ea
0e8cd9061bf977cc7daf1d6720369736342f0e33	c4aae8048b0673aaef46765403775fe213275ad9
0f34a27091236ec326655285766259c400b21e58	4cf7a94fd1b3f1a257659e3cbc854de84437cc17
0f50092588d430c4c34cb0d4f6e2d50e6e72e167	656c8cbf98e8f262a3e87b4c8d1048a987bbbeac
0fc5574c0bc157718f1e9d6dec542e4be3ce98fa	c18efd56e1003f3ccb203c663ce1c213df0440b5
104cec2aa54828db81e2d4f93bec2796fcf1dc11	cc5942926ea5f90ab9bf9dca71ec29475e395fba
1077d63cbf426623301cd16fb77ab6b4671e3d42	522630e5ec11ed96808a05fe8bec778bbd96a23b
119e03bac3caee6f8283ed1421106be357753104	3d88e296e8c8d0582479504b376c0c0233594ce6
11d245283e9ec3f1bc9b75fca3ac84e517cb0f4a	05666ff391ae4292f79f58b1127881166505b57c
11df804715e8f0564f31127b3990f85e4f9170d3	2ce5ffaca0505aaf4333ace7904816b1a39daee2
120cfc27b5482de10f13e48e8c081c7b1126793f	ecbe3b096175e901fa0f55deb6cb5f2679f94da4
124d46470cd632265c0877b254fac8c0981f09c6	05a422566dd9e4442c75fd44d40f238830e14f20
1262109e7f7911571958031459994cb8debe9efc	7475ff05d7af315dd49074f90595a94ef04c2354
130a6bd648e39e53bf8d10d4857af5aaa7c643a5	7040d008a94a7b16ac34aacee6806b74aeb26e85
13184378335fbde3a6b0b27cbf8f2c78a5166943	db5ba0e6c20f0a1ddb532cdc72ddca388d14445b
131b83b645a9c911aabc268740ba6efcece412f7	b706eaac13685499bf11d0b4f70fda3aa9121fff
1364e415fab183b43485a3cbf563c02d263747ca	4c61db313808cbc959dfe395c2b32196d2db9299
138b46be1fcfd2ffb8500d773f0d6892df649314	37977983771b5e7118eea602a9e7ffd98df7cd79
13ddcf39817781211fc2b99b145dfcc2949c4c80	af2ab265953c924ca51136d3e1521fa83e69627a
140bdaaf85dffbfcb31988ce5b9280dc086934b5	62e7c8ec0ef2ba0b53096851c868fe31644389b0
14238a300a7a6e4aefabe09a102ed504529be741	74c04d177fc7666ea977d8a3e8321692f65369be
145e289c8766dd8e0a156615e02533608aa39018	960cd8c46ec7bbd213e0c45f811e96ab5969c4f3
149ab7140673acde8e712b58a3449521e42148cf	db157a98f0e432bf00af956766bd6c5728f6b397
151b8d180e321cfba48b4c7d62f9be56579d52a5	d9655df2412e9a87762c15ed84b6bcc62f2d9c83
154521afaf14a399b29e14c00594cc530bc105ea	7143ba9163aa5419b80d1688e87297c779b05a1a
1574b59c1070e876454e494e20dfd1f1503b61b3	b881ccff100bb982c4115db1cc32492819dde239
15776c4090645e7eec622db05d4b8d2c0644d692	3f9f933bde6df76be6d56eb3768ca18652128a7b
15cfe1a860fa8ddd858487a011d44eb11264e919	b555e39caa314a9cf878dc5e0374df6f555c341f
15de8cfb8e368d557018993424d87fc40d72a3f3	10214601755067cb221ca2361cf66500bf788eb0
16a5a31b700bb3167f09a78e50cbda2fe5b521e3	3c21f32e91e649656f40a0515a75f52d6a98024e
16a60d0af0703a2e9efc062c5fe89cad10f81543	7dfe4dbdc5792f9cf71c8f94cc6ea3e65e012c4e
16b7ee08bc2ab51929b9a950102bfe35eeed20f3	c0eae1fafd93291417d1bd5a646f9aee04828fdb
16cf061d36a686d06d3a1b723b37afac2c8f85f1	8ea83d9b39a4c7d1fead45598c3e0c2410a493d8
16e54806b2fd0531acc7b910c4de2935477b9603	8c53c40c84bffab665d1770a171fc9a06ec9b255
171f137c5959330ec35f088f8f95e11b50c8a255	77484e88c64a85eeb18abdfad7d5ee290e029aeb
17288bb9b17c55644ff0c640a9cbba2a2b8c7dc7	844d9c05af7b7608b31a154f1a884b68c3191fa2
1742077bdff879947c86fb5347152de40042c16a	c4d3fc9acd04c523cfc5db384b558ddf73133f3d
180ed72c0caaf38e0e2581bb02d5cb641f94cc65	e475720f926bf1fefc7414f28c723e61c877b368
183b69fc1d2d66a5aeff31f80fade705abfd1af7	5f14afc9b3dc8e77ce87ac16185dc38f145fac96
184760c5bcce07ef3ea4320898b61fa5a8ca8ee2	779b59b89624e2ff91191c7a08f2923f5d45254d
1865a753b96177661b6b184353c6f4da28a355b8	2bb0963606834f6603d6b1481ab9867ea820b53f
187d98f2e93eab6fcb114227cda17e9840f5ec2c	458068534ba95af2248cc4c50128e5e34d16eca1
18b5ea2403caea67da128af8efc77f2187edfb4d	4faead761befd5d71f376c7d83ccda1334d443e5
18e270f742cae1eade1483d8cbb3afa9f4a22184	babc139179e0b95c11f2658eee7537fd4476442c
18ff9a1c7dffcc5c2106cd849bb3678fdd77551e	e9f50ebaf79a01e3773fc101c18f6d4c0ec3da9b
1912cdfebee31626720fb1116aa33f878468151b	2a0586571aa6d5720f77691408699d5e712bed06
191b2f9bedc252be505cdd836b8663fa93773e99	ad0f5746c2a79a8115af3f67a14f8eaa23ad5cdd
1959cda4903e8fa23f5ba720c9f86c20fd15246b	5df27f6821705e640a16daf8c376c336f0e2180c
1a2130c9819a8fa77dddabbf8227fe6fd5d559b0	c004b3bf43048509600d0a0074553be8ff31ca28
1a256e85c08aedf1221d673a154e2bea18b53b60	0c4232afa4b1353ecb5da1df0ef9d59c825bf865
1ab1afe146a3d83d22871e28c2fcce5e211b3eec	7d3e0be4c904907500a25ebfa3301633353be1a8
1b272b588d7f8593b388a50ad083f61d68b8c2b7	d9a2d6bc9bf845468e4ac5ec1f1248f833bd6c32
1b577a702c7b70bd0866570d1bf96014104096db	7f11a00d7bff1295d5ac568de612d990a1942501
1b733f654a44344b28aa98578c115de41b3b2806	eff1d11c8f2a08d8d74374ec296de6e163b71e7f
1bb5ea8e491aee9cd57390b6279cd38cf8708492	dc79753b1fe07b706e4fa8a0783c618a99f150d1
1bcd5939fe00d73451c932613d72880925ffd2bc	b5dabdcab4bd192bf1d9cfeb62f6a391ffdc505a
1bf2cd5fea64a5330f6aa032cd35f97f93171157	bab1513ce34113b821202831ddedc5a5512b15e2
1bf3fcf5c1cf9ae51cd911cd1638bf9ef1f634f8	219f0fb344b8c1732e3bc83f86b0848bfa865166
1c0971f77d6bb14dc81eadad6f00b866d5329133	55560247b332ef28731d60167de06e661b99ca5e
1c2c97f5ebff63a3bb1a2795d4017c5173348347	7a628cff25a43095e3956907fe3ae530c57e08aa
1d13176180cd60f0f7ddffd8e161186f9f1f7cbb	2746531c4acc031179dafce9d9f75aa536f58387
1d29e5cba29b33b31bacabd273b30237ec3d5556	48e372c078d0fad59cadacf68643c998ffbc43ea
1d6a70b82863d46cc3f2bd82ea945337ab77a070	0c00072d56fb20d7b8c4779c16aed9a11927ef23
1d79ffc34f7b4b8b5ccec00f3cbfedeb9bf7f897	e7e9f4127be95ca5769ac23b750aee7b381b3412
1d90752366c45db58b2203835bae56187a39e4b0	f355da544bc1c12e3121d243f50b4d9915d4267c
1d98bdc47f44b95448eecd0c335f2b8c5f062f05	4a61c9107120c38174fe8c6298153ee4754653ee
1db7425cfde63cd0263d61ba40df4430232e16f7	c5f1e00f57d7a4d48dac0611161fc3cf36bdbe6b
1eaaa196105a6500b1df155c8b6311c451a67057	85f5427d153d23df0ce05ed048e43d0558065505
1ee6bd1c3871eab19975c506b15d7585149946a5	69da075c44c3ceb89f558a54b49571c6ce2afa95
1f4dbd28d06588d8ce5b5c24cb3a38f5dd18f495	27b4a843ef536a2fd463e8b5b2c9f5f020ab9206
1f9f78f418d909d1c1b5a76f765f1bcc59e689a7	a1f254ade379b61ac8c4fd2fd18fc5b70c3ec284
1fd13629151cef5bb5db942118fa0f9c01fd1c4f	078702628ac217d9a121acb47a679484e8ee0ada
1ff2feef77107b4c4f6f14c0f408502fc07a9c5a	c3e6f2e3bc81bc9915d9a59d87d3f7cfdd0e95bb
202a09a7b65a00fb0e1f60e58f528d30f127f267	1872a2b6686733a0460dcf574a7c733bdd6f1f53
202f235fac7a08d7044d0fe04efc77bf79511fe6	8b9bce3ab9e78dd4bec113785aa7460237f156ee
2159b72bcdb8bf5d452841e9d34e6b11a4a49a5c	cc3a0120a5b3ad99a94c087d8a79c42006937bef
21d55c17b219e5bb65a88a144ef4aba7dfd22bf1	ea0ca9f1a6c3f06c07d6eb967dfd6e06c615dee3
21e47d855e9ed40463568c035d0e54c36482b7a9	216772e034067ea18a5db7d8e7257734c0d6f890
220d37174862b9a9cccede24ae4073645f7f0f5b	a0f1e6404c34f5eb7d1f8efde230fab6621d0dd3
22203b431a3312e7edf5108ae95814c1f8c33951	e63e2b7b4a9142efb92c94b962d9b96b5a387fb0
2233a148b6423bd5085ab189e1bc9b3f97613191	72b20223202560ea6eee1ac790ade928be3a2716
2239dd084852e316fa0e9f4c30b6ad5459f12167	fb1be2fe0c6b105daf7bd5098ad4a34ca14baa43
224505b1e46928b6154f913d4888b81045fb60b2	502045ec7a2c62dc34552c5a0d231b8c1a48059e
2298dd539a876ec66ebab1fe6d726b2eac877ffc	25d7204fedfeb4596dc36b9acf15783f9bb98a46
22cff7bf2ccb01517bb7ffe137a1fd849fb53426	d61535196436647ee9756622236e482681456d45
231e5de8a9c1ae8bb56e44e49922d2d57989c261	18c141b83bb973cf986217f07628655f5551fb21
23396e455c709732a90f10b3eaab2ab33ec57893	64a804db7dddb36995314d9cc1e425e10577187e
238b49ce0f246e0d52428dbebe3e52109602b60c	03d4ef7f216a1a70458d0a8b86c60628583019a8
240e8b5430b13dd3a617c6af9a49f519941d8ad4	3c116b83850abeae614adbb5cb608ff205acfec0
2459f91f557adf39967b83f6602d08377fdaae5f	8f9e12df33cf07ef5ff08d3debf859454a2db59b
24a9fd38012d793a81ea1d94802563104e1c3999	38ccb02daccd144fdad4ef5063eb6ceeb2edd5e0
24c2f1ecbaac0244a121b08f13d0f4ba623f7bf2	a6847e67e378a470ac31bf0c600198b7b282b94e
24f5102b8704794f7434064788361889344d5423	eb661f688e9fbaca54ff2261adc751d38f0a77af
253638b6b481ab947bbdce08ff3fcb598b74ea5e	782287d0852fe911ae6ac63e35bd013ebedc82aa
256e2a88b0d9c0267a5c217e8778b7aba2e56da3	8c46cc4b51ef8a818a7fb8c192f66a52a85cf6d5
258871a1ab9b80a2b9b395b374c21fff3c0a0f0b	b5e31b2bf15249ed86c2b153abf19dd6c5011562
25984563c0f9226ad3dbf86780062f945ba4b685	1996d840273e686260f403148a8d5d7002c2a6f5
25bdbc60751e29c7eee60227d074c48ce9a16392	d47e9a2ef329487dbf22216040ece9397cfe4d69
268d4e46e7b1878ec29c608a146f97b2c2a066bf	b8ef63c809eb64a853175b079b03fb662bd5072c
26f447715041a734f6102dbf15a7819b605433f0	b56f61ea9b185afccf1a84a98ab73a9b23ea3dc2
272d125f986924abab1e06dffb4d86bb45882aa1	f79dcb1a692d7eecc6d3be1b5ea7678534a840ac
275c3bd42458bc439e3aff993abfb3b8d012a10e	242328ac18d9d75a29785271af94fec4f187155a
27840777fdd4896b655e1a07be7f6bd3c00c7d40	a336fdc6cd30da72bd543ac7ee023bd64bf79d4c
27cb891274643db25319d0d565b64e6c1ca62f9a	f0c6709f2ebcdd1c49dfbcf3a1f056af274ec9f6
280ce0d66d1c250b5fdf1437c53ac0bdf66f3ca4	a60d78fd8ba559f0bdd06319e1d71d77a6f1fd51
28140e6e827fccb454ed96c181f193553afb8f18	ad73f93f9263dfcf9bc46447ae4b585b562b0fa1
2814cf638d0d24ef5389c564e095efbd674de8d1	aa8cf65db02078f1447903188504d73ddebe1dc8
282d0d7a14f74db76a1c74d1306ad1d0702de520	3d232939a644605ba647e5990d8b81b9218db83d
28cd980ee9fa3b8b43ab2020eb17bd89a2e6fed7	1b55d64bd277a6a5e56c05e54fa80bf29b9acecf
291cdf4bdba32a6356ced8585b6ca86498108013	317ba22436b7566987a68faa96c45a7ddec229a0
292ec970b30ef24a7fd032f870a587d668f74c56	46045c2b4976c885548ff986ca39a9d949956b4b
29cbed80b4da1b7ea12df5f1f42e7c2da09ff31b	d03875c4a30336ed59f953fa69a08969c0255d57
2a22a42e3e53afd57ed2ca23b838c3cbbe33d109	1efc620910d17a06eaa34adcd0bce4e4c2b0e7ff
2a2f7d8748b0fb62fb72b53d1bac6bcd264499fb	9bcb9444e817584c0066eb0baab4e0eaf0744f1c
2a4c95009d8bbcf3da7f1792f319111678e5c3e2	d9d0767ff4f606a1fabc8442b8f3cff2e4a27ff8
2a69eb17a623fa9aaff4847d2af86999d3b4aeae	0f3e22cbc6d0af0d8568ae81a48be6301c7bb746
2b571f7368e2381f8eb1ee5100d5f219b176211a	e6b8bc26e329d3ce1569358435461d6ada93e0ce
2bc09fcfd64334c1573e0a1ade086e973508919d	1a6393efe87ac172b0366dd6b7da721cf9299777
2c5a946a6f54a2c50a779b994b6e71c34eb6f16e	ac181af455497163acac9465b9ec13aaa863b04d
2c667cca08e61996487c0aeb65f83375a3d17fc7	b26bb2ebdb9eee1e274b9ff778cbdb7e3d1db0b2
2c865a157e543b77d74a368a155a2abbc836e32d	e5ce685e2984fd4fcb0ecd02c1a435a47be6ded8
2c9e7d41a112111f850b089d0a4a107452813f9f	20abbb103eae212de6dfd51277245473b777a062
2caa4054dbda04f199ccb8684b794cfd487c6bae	9a25a5ec390a3b03b3b4d6eef6a21ccb57a09f62
2cd169204def3a07cd9e102961f49579e7fdaf73	9cebf2af908aa6706c92d6f5121eb46d4da7b625
2d174ba9a40b3f6d5dd879680078a6f7937eff56	b99c53400d85c16ad8cff7acec0923e42531141f
2d22853f523949b39aa20986f4adcb7fc03af09b	e3c7c7fd6ab00b26b0eb1507c5cc17276ad5cd7e
2d2c7c15a30ef1bc7e6595e4b1af6b0fe0d2f7c3	981fbfc44650181f901fd48338ee9be24a7d0f50
2d30e97be36569f9d3906f40e2cb56c8ffba9a3d	a6a53a58520e70e58eea5910a6cf1c0b4b1d758f
2dbf54aa134ede39f0aacf1c5687b368086cf148	6e7b6f80b5930fdbb46aaec51fcb8c6492cee374
2de997efe73f417f2cb82260ab944c2ff9562efa	cfa94ff6dd0ce1e7153f536050ebe3fb5106826f
2e4438a14a2b1fab830a27bebfda0e316f607139	15f375d843a018b9ea9b71ea1e8a2c23643bdf31
2e500cb8a4a65a95d55924e2546b9d7a27e3ecea	8306d666eaeb19485bed7ae428497509ea0eb3cd
2eae4548f8e91275488848f35d8f92a8b56d50be	ac656333cdd03dce71c9be88c44edd431d4e17a5
2eceea5643f150c0061dfdd49ebae5719c237aba	e56492be3f245a252a026843dc2f5ac815821261
2ed81f475f62b8f7fb7910322526e4b30c9f7ad7	659454d1c3e74c0c228fa83adaf4e3606b80cd15
2ed9678b27a6cf5b9933c0a7fc9997b8c78488f8	49c1d9c8b1e1f7236a5dec0a5070379897d019bd
2fdfea33ad3b9035b271f93f20cb71678a8c3447	92a5bbc735a26e6479c8fff14154d5dc235c1ba8
30334585988c8941a7f262c35f5867ab5a532320	7c723209b53f56b9d5147da0980cdb4052fbf607
30518701999838e10f46ad2023132df3fdab62f1	ccbdfb0ea788659cff28300ef6c227050e2ca4e3
30588b644d0ea578528475b68391c6316d516cb9	4f76ec48cc8f19a68a8d3c8fcc7d556a89d7ca1e
3060ab9b1fc2435622a758e6fa3e37a0dbda3635	0bf274a7ce51a9101838199a88845b19f12f1273
30935309bd058d99312be8d0a967237521664132	3f45697df9813e5c7709fc1425b759075a1653a7
310a93dd09aaf011ca99fc4c5448e37f28c4ed33	2b2538b87873cce65c812477b89b0e8eeaded697
312d453b3fbdc7842ba93a2849dde40b792b1a50	be58f69ac91690807cdceb4246690df9852ab73e
315bc0b95792d5605c72843b9becbae47f1dc314	daaa809778f14d4275f834955c09738142a057b2
318148467864c9498ff78479082fd2789fa50c98	5e90e7f4c54882103440f89212992d548d1afe80
31af31b97e00968d9c343205843b10992284d6af	e715c47660d6491b4ad42254a44ce65960d2138c
31c97efbe4714af00e64f1fcd3c61d71226df560	446a191be45ee19330b0bbceaff8619d35660ed4
31dc18ab7290054d40ea33b4b232a1362eaf823d	1752edc9730314d19d073e6c8390563a14c705ab
322a5fa31b171e00eb8a4935d1fce5faf8956bcb	abc04b90b6f235c176ad366099c81f995833d21e
323ce1b9f9bae9865d4154c4822da73cde60f2be	a5a88a8478310a8a9a87ce5c65a0b2728be36eac
324c1222388e5174a78866589616acabebdadb7f	a8b6a5f1a6d45b0d2bb5d24ae7eaddb4c53ef9fa
32b22a51b73fb6e1ef4928b525e4291364ed3335	f369242f94e43b25ff95b8f3680a848d286e7971
32e5c4ed0022a6468f7bde60ecb48c418ee97efe	a0607e94bf08c311f5794430c3d4318973b051d9
333515b5ec8f553a3b381c889f6052623ed986c1	d74fadadfb4e8855eed23c583000f84fa5493aa4
3403ce0b2d3f313e15b699ad9a4858faa403e9ba	55cae0242109f7d896296762f421fe66e9e65b15
34e4b717b9f29fa53e7252f2a3ddd1bd95422ff0	a580789333b6ee012029141d9c60a150aa0a197c
34f7e7e6814832794f7938c98ff04a806a64f3c5	51a3427cfa32e1202c7c08692f51e2a0bc0b6403
35113f65a57229578e7bdbe2e8b0f6abc4259ad7	44f42cfb41d498e86b46395ea05cd99077604b6a
358f5b6203151bfb1b4f1b67e8d19ac74dc52c09	f7b38f745c6c936ed7d7f689585ad23585c05b58
3592a439f3667c434db667b746002396ec700efe	622715fc8e149b45d9a6eca9c92e2b4ee643540f
35abe2179f3a3505f9c95ef83296493c5e32fccc	20578d6756d6072f668bea22076e7acb7ccdde04
35c11a30451d720c66cb9127c732fb549ab2c008	462a708499ad0afaeb917d5e959eb3be4240598f
35c409fd2801221ef5bf9c04da24bd73efdbfa63	688b031019e12203a1177c826a72414440b36d0c
35c46d62fa08f84fece2a52f10d7625dd3760796	b4f2892b4c74ea5f41bb35646ec4de22ecc98fb4
35ec14c09400c85e86b8e177c044c330a9586edd	85b9aa635ee8f2e23a8430044ee5a726a6e24fb4
36079d7c6bb88c03410f93315133fe47489ba222	2c26ede5a97a9c34df1039d68e971706f88a0f8c
36261b937c22e64f958ad25bf1f690faeeff615c	8d06c44edd08f416b2f1f3ecd2094053493fbbc1
36599dbb166ecbc0b125751aba10b60d50c65f34	1159d1c5cb8995775ec8e806d6b4f2fae62e63ce
36a266ea005732c71b55ed4322f1b7670334b429	e1173328ba6a904b0b85cc0d50eaea13871ed96f
36bfc3e48626439f522b62aa2ed80483518e474a	ccf42f820c68b4a255e9e36038feba7974d48bb8
372a497c17669ca9784409c571fdf1f8dfa0fa07	494e665bc89526d1aaf179307b6d0e39831f7644
374866dc2e034e91e10d4999f407afa7ed2d98ab	6e4f9e4183572b58c3d5b7b89256b13e32d37579
3779300a4c338ddd7c6a1f39dfe4d6d58d9346a6	79b76e405bd256defc181788e86076e5ee4381ee
37bc0ad1809bb4376f9c7b1ec90f23678d9bb159	9e54a92298125d5b7941f8ca7fcdd5625303d4ce
37cefe195e337069ebeb64b40ccf061bf72c31af	c00525b2f5a9b8239d628428795e3f9f4dde344f
37df99b4b9f3b15eed9bc0817b790bfc39640681	09cff917d5fbc3d10517344ff4a514cc98a25301
39039b7fbc8e5bee8b5d40eba6d065b32637db77	d719e33f55a0c0d2e9be2d6dbfa553f822da0556
39538bf224ebdd5d2e109e20659c26d2e38fbe6f	4dd780d083069949e4a071a25f76ef94683f0cd9
39a2cdca0e0aeb23855554bc5aaa54ec8b53fc84	824289e5bb5f199969095e5d13a1d894bf7db5fa
39a49e10c68cf2ee605ae9b8859b49211309baa1	0f5a3431d23d0c82ee79eccd8d756e5eef8977ee
39a74a4501ec36be705599af740a4e1ec2233051	db0f77da8d08b9c10fcabe857e6cb4b815bf7ce6
39aaf160a2c8f4111f44bd4af898299f01921429	8080c09da9a2276799bfb51b50929b1fcfe79fec
39cb81130a132b8168263ca7fdc379d9e5cd51e9	4ce73c8a0638df901610eb8faac678ada1372a1c
3a9c19a1de76ecd1b043846c72f6bfd0593be952	b86c591e61199936fa846c797752b0f6f6c52ba5
3aa3835707e27af661c928261d554af394a0b039	9b3b3ab9c86483edbe5e54a99440cab6f04f572f
3aec6c88b11c226fd94ddcfab669a45795eeb84e	2309b757555f33df5b7745ef4550880b9c635609
3b10e47a460b1fa0d0b29682c33f70a367ec4596	b75c700a9aadc01797364fd8b3adacae60651dee
3b18f8b8df11626a6570a4f51b96df0ae704b1d2	56013161eb3b5a4c5f2b176528da65fbc58b26d5
3b4e4886fbe8fe74c79d6b4d60f5849da541726d	4ef1cd0a06f55504188709f0d35ae1ddfed69ceb
3b531d449586d5f5edcc71f8b144d6768a7fb69d	06e65d43b23cb0c3ab9329f124f80c7d8c80deef
3b58472449e484e8d16d5f7bf3410d4b53c47c3d	f2ecc1a29c47aa74b84f109129fc7d153071968e
3b78fe859570a093890eadeef4837b7465d1bcaf	cd057ececb41d0fcfa5d50501afd0d0f926a2039
3b8bd9f4493bce278b18192d8047a22e1fe57996	d09f2040de62099557a6f3f2861ca28939bc03d5
3bc3810fcffaef08a808e40b2bd308378f521af0	9aaba217a51373fe35a55b636840d41e094b0b0f
3bee7ad805e91ce9d45f9cf7eb330b2d5b84421e	3dec54d625d8d01adca0e8774e833120de7155f6
3c514fd4fc37c2d6e5c8ae1cf7123fcad5972298	434cfe2b87fccda017df34c419b149ce19627d88
3c5dd7a0b620716a8028edf34a53f0e428a056a2	d96c41c8f64354dd7658611511ddd5a25854a3ce
3c667a8aa701d83c334cd7aa4a4060caf47cd8f3	f15a1e41d349821077a3b73955e4a523e45648a8
3c8c4a200bb1c269f78dead876cd6491570025c6	7d8a4e19b93fda4085f4d374327c4f62d8ef528d
3cb23c1ef17ae08a9462b87e82c0f5e23aa2828e	b1b465d3f2252d8c7818e076e51b2ca5b2023876
3cd311f4b7ef7f25729c8adf22114a8fec0c8de4	b78891a5169ceba500876dfd42e4ab4f3a33638e
3dcb53947dda7796ec89ad86d234ebd468ee0df3	3cdb344d218d219c7d4539b731ce9207675f96ca
3e212da8a9dbb993c4015d1b3cd360ca787b6d2a	94822f768f4138b60c09c1f6a43eaf5fad1a54d0
3e3361c767bdad48a7231e2fd97b2e013cdb18c2	c8955bf5152e6d009a4d75d6784f9599005274bd
3e3d003e679cc621182bb248a145ed68f90240ec	035c4abb4c36145b164dc29cd952857a5bcd575b
3e758392845d9faf7877977d5ae8806973ed62e6	2dabc5edfe20d801ba2e831be6843c30d5c3e3cd
3e952a4391d9fc521953d872de5d0707394f834a	edcd990375750a900d1c64287ebbeb42338baee0
3ea57e72d22c8b44062026abd30666d510d6e7af	b050edbe0927d098d9b6a919319ca2fcbb8772e6
3eb4caa0cc77352da6be9822089e80765447a33b	e5d3cd3958abc96a9832122b8346c8c771a31c9a
3eba2cb71914a8ab42d4384b8fc3a1cb505c256b	14c78aab16c9e4d7ca67e361578709421baae7f4
3ee17d734b248e477f6a1983edb53ab1a72ec2c8	1664623c697695fdce43b431e65a87de6082f3c7
3f2a9b2a4474397e8d707c4ead9265947ef399a8	2326bf7b03e15cf3a64c724bffca7b73e5382d89
3fa76a0e29c4b2ebf4dd99f0feea6d139cef9058	15caa77e55288f6f156de88bec1c6c280db06c35
3fb55c0829e547b3ddf790f90d03401d7a12532c	e27ffe70e1418bb9bb061ca9dae4c875b122dd6b
3fd93865bb71573062cd9592b56d23949940e160	60b9d32c7659063c0cf61b44f11977a951a9b825
40083dc8964ee8f5189eaf9d68e0646fba3a068e	58295ba1d4fae32306f765ac87f6263778ebc427
4009dfeb66ca028103cd3c7d6d597cb3d6f95f01	46bb4dd405186437d9871b358723f78f351935dd
4089e7018a570ff9e20c5f28c076488da356a222	0008158319758b5234bbe661ded8daf655f14456
40c7d2759ef0347a411151eb17f9eef371250cb5	10cc8d65839973a68a08445f5c5ef149a16017d3
410149b5a38bf09b405a58711d4de4a7b98f1f78	8e5f1e08798e0e15986e1aa075731e593bedc979
418591e6e9090b760ad342be57ab0a653e3a133a	3cd580e31807cda1adc2e3dd64ab619e1dc78218
41e1b26549dc60721f0213ca06491cf4cd684852	19ce6a012714cad53c8dc05dcd4db09809a14a3c
41fc1cdbdf53bf3c99cff016ce00df10fa4b8561	06d118214d3cb3b196eebb251ec64ec8cd2e7c1d
4201630b44fb691818d828ddfaf7f8c3106e3c8b	e4430406b7990b900cfd48ec67307338fb6441dc
421d4e1e1df020acb670d7bea4899401e0bcecdb	042f5e93313ceefb5a447a37f72fd665faef2743
4292bcca4317cc955c6bfb7613d138a9d1cc86db	c9618afc6d4312f8c0d0ce26867023eeb4045a05
42971dc85d5295d909b6b0415a0c46f11bb4df41	a716b0f5987b5f84dfb89b99518e343c788fb241
42b8b9ee70fe59cb2a281ff7999ab6fbebe9dae6	f34866bd99620bdac64629e423580e3b5d675ccc
4342b535133d05490f03fd64b13bc778db4dabd9	ef14b6e22cce48c35596b8ca91569325ab8f897f
4351f462e2400a915245f119ebbe206007ffd7e2	423d29193aeb76056d341cc630671cedee2d7f8e
436e232663bda9653555dcf5c6757087c0c5c94f	6068153419edfc0a2b7ddedef73ec398a4ddc449
4371790416e3f7562099965bf470f329f9ef14ef	5a2ab452659929b85f763b636cc6865921e4e535
43c2180a465b05bdfad4b1ea81193433efbdafb8	8c7908e78f90ae34f103925262bc3e29dfe8f77f
43f117fdec93bc986410b146dcc44d35645682f1	aae93e8f20177c856a9c873ba6e2f16d62ea771d
44675ff3a194e02051482ead0e2d2da245e105df	d3f8c2ccf9369ae3c7cd5849aeff15e37aea765e
448dd7d106c0d58c57c0203b336fe772b1028f88	ff518869530790b595c72f35a8c262acbd04a7f2
44db8579c4d310a2021e37c4cb3d093d3262c699	f496405a73d0a11f33252adc8bca6991af0418c9
44f1c34699804b541eb1ce2d6dba45a48fdafd22	29f795240971c9c3201167821afca904365a58fc
45d56e051a5d7d309215063f6cffc59b29a99c88	f427e2ee656cb4511ca1ec62c99c0d8ad6e7df46
46897a2a8888cb73ad2b0a50bc80311d1d429c99	3332c7b6c3ebecee8811c9f06902cf818d3e9c41
470545d972fb46d07b79ec42d24c2022506d3cb3	07b32561715811013c3db4d7a35d5f19f0dd3c19
47229f0a230111ad1be29cbd5f976dcc31c02859	08cf9623b31f52187484040a9547cd12e6932e5f
47947eb3c5001cfd877f0e513ed3caddfd591a16	f849142219c99db55e26c6d01ff13e2407efc853
479fbf526a1ef3a1bf4cc41c638af3af3ebc3251	0f5bac9fca6f813a7ef75e6939c86e55d10fb2bc
48470b9a821ac9cf0ed6177de65881e22ee520bb	eb59ce10bd1526bd427a44d1314d0d3d6a06dce5
4877561cfb6ca41711e051f8f0f9ef0185d1ef8d	4980134b2e9ff5345aa5ba3f880d309b658dcfe9
490a4ab0ab4fe8ab20d9fc716acabbcadcfefbeb	50ad17c4b4856f49b8a30e76d3b64ff89a07b383
490fb3e470d92f32a561b778b898a5a32e1f6a3b	3be7882b127cf12731548f1b9fb160ed76789282
4920f49e7c18870c0d7f677c516a818d9e50617b	ca62b22adee882d47fb1ef5e9f1bd488d9c0d925
49263fc3c0103a378435a0497737fbd08066a489	c409dceb8f5ca08bef87a02fe8379850af59e855
495c578b6ca915d1e5ec7cae5bf3f4189f37da71	1bf581fbe91f7962c5b99eb05d60709b4169003a
496b5fd66b152751c24771c639d5f98e8fb6b2ba	df802064d8db6b3d298e97735e016707f9e6f9e4
49ab287379d899a8344917015e143191c40ceb93	982cea2eac138014395f065e935c7387a6daf1e6
49bb1c4c30c845b296c860268ffae6b32a260394	e0edd936665bf2ec445f827f9c7c40f3894bf8c6
4a8bcc426bea66f4f210b84435121f651c0c39b2	a2391f43e99bd10c3662752a759f04fe117f7017
4a99e29863b6a89e529fac42aaac7348c9895ad7	a6d9cc4e58cef0d56f905845b4b4f89c92824510
4aabe8d814e5220c7976e42a41fb2eae87b1856f	b0dbec5b4ae6a1493f470e6463aa69ec413234e4
4b0a26935032c8ea28bf26b9e19ca7290276f9cc	379c342533119a990d1f97e20d3c08f23f89e459
4b8ef61631a667bda48fdea3b88a7aba78c4daef	d37937c6345c80244c6371bfe6f19d526b562aaa
4b9dae0c4bce519f794d87474c62e1a13005cded	f3e36de4e1a0c31274d6115c9c25b24864413d62
4bb29067b0055020a8367b10d98d9d98e43f2c4d	2b130bd280ffbdae8427b19c9fbd6b609a6625e1
4c1346b64f6f155da81dfbf973ecfe5c95f9ac2b	4d356b36fb88830e1ae8a34be49daaf60eb88c1a
4c2f4c99bc1f12a2888be86f0ab862cd474c5ea0	3d44a6a589046f40a0325d49c0c4f0b50440c9f9
4c370f2ad757da82eacb2b231d050d1baeb85212	3803f8627a6f5a8a4d02330db21dc7f15ca5f11d
4d161d873f0fb240b77f7f9465cd12adcbee101e	cc584f900da58992c914dbb75125ed7ae5f8247a
4d5eaea1c1b73482bbce5e46ec801ffe227e3242	bbf4c017c014acac60927846ecebe5801f8f6c02
4dbb723d2f322f43dda3718c2c27849ff1c9c417	48fc52d29b4442d0954856f14624ea5925c504d0
4e94120715163374c81d9e5d82b45356bf24a8a7	bbe570e9db6d7b5fdc6440ececf4583ed1f69096
4eda464cbe1bd3e5c09e3f75627dca46754017e7	aa0f608d9b2bd50a70a084c161b25f00f2b9c702
4efa2a53a731a416c82b916639c67325fa339821	c4ad42c07111e3d8f183f1a9e64c1826d441f064
4eff172b5e03e7a17fc2305e6a84b37924467148	3038ff7e87b031d88ec42b99c9ead10bc64c35ce
4f533f8afc53b47f923d1c649a7b9bcc01445f67	e632593047d1bdcea978723348de39ca51d09259
4f71c02055f1ded8de0230ecf4cc22bc4619e139	5927e41d3725b361226d45eb8c292c54da6c84fc
4fa7ddd6a6936cb1cb63fbbafee2186af86313b2	d0669b02cadbdf73fcd59cdc857b28d4fb68b8d5
50324965bbc011941d2900a36f4f926a47569492	02f91fe61222c1dc8bdeac01bea08e7fab8db4bd
508e8ab66aea3a308408dc9f02c6aa99131b0c57	646835298f81b0a7aa27042e0c560ac73a68139a
5105ba32dd6ac8fb0e9db633c811181d978fcf95	8c17ad3b5d096bc20255dc6be2b4d99b0d6aa047
515b5fce9a5a4392c6d7f6887fe4049f72f9cd53	8bc7f9024a00f24987ffeac186b1f615f21709f0
5164c30e77337991ad7f9b71e5dcc35df9e98844	2ea1a12b8c9f453f542d9826c32379e48fd1ef96
518dce336632fdd68ed22f4a0dbd4c21ba1fedac	6adea2bd18db7dd6528bf6d41de624f704d96808
519d45038f7cefa6c4c0579de252e05952e2d0a5	12858fbef750d95c74eca9f8fd37cdf5e1ff570c
5247d920c6128991de2e42a5adec0bbda72cea5d	52866d2584a3ff17aee7576a92472f106cf412ee
526e867b3a2091826adc915de46e3ab391dc959b	13232169e17becb43c4539dcc4b6b43e6be78ca9
5295c36f44fbe0557e6f1bbc8cd771c79ec52bb7	42afb210258f2a4b8198ad3320134f518b50c02c
529a6b4e004ffffce34aa9000cba7b790ca518f6	39bf39cfbb8cb85b517a79092953b0f99a5469d5
52b30412dd4d7246c61f172efe769016a722a725	2b9e08787d3e635fe55fbcc8d450c4a275ae96a6
52b4baa5f7b065c54779cafd6a35b2411eeb5e84	44e8f8d15da18c3cdce58390dbe7e7dc15780463
52fa9b755f8e3977a81a97a2b58ce1c759886775	b2ae52af7c261f9ed714f490efbf9bc0e4fecad4
531e8bac53ace41b85f3f910896b19357fdf54b7	649c405c3c13e88026992d194a94db1e5559b344
5340dec799a11cddddd0d5570cb38d5c072db17f	3da900b7bb8d1c1b5f959b959930359392a45b69
53a483fbb38ae1210ca01549acb439b9b7c246b5	ad9b60b26946a05493b32020260e3304efd58fdd
53d359b1ff5cc83f7f77f8a85c22cc15f84f0915	69d9cf17441b8af229247d4cd66a1a838523fd1a
549d714ce43954824492773f5057d710f67131cb	74994660be3e559d1befbe8564e0d9e5f3e1e76f
54f0975398fd77120383c3af0ac5bb9291ef7064	08f4d0799c9837b231936fcaab507e586da39850
5564959af625ba973a8e138612f217930cd6460d	c2b3d088f593f9574977b6f0835aeaae84763932
56c9854dc9ae01cc85ce900c51bf76aaba74b630	4216f1faf7f568b5b007abeb5149720557d675cd
570b2c00562053c300ece4ef74075ce9f8860261	c6d35443877e4c6e3fbd753a20fb62cf6e6a3d22
57517699ba5b9e099e130dee93c9672b665b3202	407e4e26506660ae2a4e5b8120dc4a7b49d20df1
57e98c97c7b96036c91d34d89445ef1a6ec92232	9cec108f7d8f20739c27919ab453447c5f0e6d49
5833964a394ce7806e1aae06d503a02696beba0e	e43e513bb9cb20e76fdf5c354ab16ca6ee47ebf6
58b1e8f4dcdeb96b6b51d98f22465bd5fb7936de	cb25803d76c3225ad025e1fe16f0833fb8f8aa68
59419b49bdaf32e503dc5eb6e018bc98c984142d	0b5086ff7b74dc2a15ba65e66a5e889f2371f1cd
5941e9fa1e37b5df771afcbb9239af3f7d7074fe	58bc67cccc7f96884ed87d6931c041d2f7782837
59b28718f4e278aada5d4f06738aeb36bd49cc7a	351eee4ddcf79267ce24bbc4792811201dabdc89
59c1ff12363073c8108c4ba2e2ff9880c04530c6	4c5225da9a2f808bdb2edb8bf4548e9bf1e9f1d7
59cfcc0ba8314daa6d50745b20b6d7aa72e6ae96	cfc4a56532e9aac79a0a521940313f8e560d1eb0
59e67fbe638c55861ec69e72262c32450516f1c2	f47f33b114062fc6b74b358abbb4c6822c289fdf
5a12ba299c686ad092736d0ab4377344f07d18e2	49d4aa9df546f88b2a6fd7c749d27d4e3a6adb84
5a2bca921f2c5c2dc31a167c3dac15ed3d2e2c7a	0e170b6a5457a7ca476a9d65a5089f2fe3ea668a
5a4e9596f0670c30e04548cdaaab6344c0bda379	2c8466078e0d5db10d45bd439aa097165b877c31
5a7e0c1dcdd55de01dc6602e7567e31aa985ca55	7d65ca54b3723d2631f59b03829c7dfa89d3d340
5ac061933841e71df5b155cbb719d14cba7ec969	3e0437c57f51e782ecb2538013587db9eddc2195
5ace36f7a63790414bfabface19af811e559563a	ccc025066d2682e6f251aa34ca89317bed49f1b1
5addc3902136bd536a62648f4ea6c9bb492d0277	8bb907a633c59d4760fa396983472ac89f937b37
5b1cfdb19cb13ba157f576a80c229c20ebce6060	24d069f17ef99d5f76ad67624c67499196e8b290
5b26ddefd3db66e309794d6a68ee9ce17b4b197d	0588f3573e77e0cb3d52275421afdc0c8bb04d36
5b2c0734ff83d72f156dfecb7ff6e3bde80e7f6d	3596341d79f091f8ce6df5be469add8868407e44
5b32b088a3d0d3bf3ba44afe5c83defe721a8088	caf716bc7bb3c7c377c9153d95c248fd8acd1c89
5b44480bf24c6610743a3ae53b4de909c9e3f63f	5952e422fe58a1065614df76aab009ff1a1a1f9e
5b58f8c3a3125d5199a6c0c9cd10f5cc7512140b	fb2ab6cf0180f23f61cabf46f6dafa7213b6c73c
5b6c191b330fe80165cc3d65edba00297e4a90dd	1b1a4521f46702e53ce9aab96c764d39f435a702
5b7df20ef095df485311821bc8281aaea152aa36	13ec10853020176836a93fe9f3a8e90f765348b8
5b8caeab46ececc5d254c6b9b2ccfbfd3528b6f5	7a05f1bd188a8ececd3dd51a136376853f9c19ac
5bdf77d86788e7afe24c76baf0dcdbcc63e5b607	8ed4dd713881fea20c35b6059aff2075c66bd521
5c0c06bcdd799b1d4c170cbd3ce02b2f4feb07a8	dfcebac2ab172d534ce68e1bc097c9b6087ae352
5c0de8eefff91dc6b6176c4f828675f8955b285a	89dcceca0116db7b1fcded539364b5859a194ebf
5c1d626989a3d1e373936577aa2c827dd841e223	69433ba36686ff7ee5e23e83ad20900644ef3e27
5c6b10a5942a666ddfd543fa8a6b75c0874b4d19	38b9edcdd360bcd440137f2d3a075c0e5820e0cd
5cc63b3f8f3dc503a31ac4b50112bd64fd1ffcfe	68cea2e32c91645e93240ce505e0257942e95c2f
5cc682637271acb799752fc1179fc6a65c286169	cea61ddfbe9d312bb2c27c5862b47f694f4290e6
5d1ecc8a72d257095360658be7f53e6d1ba643da	f29275d23b15ada7cb1e84549d14c23e640eac66
5d74fcf68795363e714ab800518acf3921e93489	e3941479d3c09b19d990d8d372cf88d7ff41e828
5e71dd622eb6cb5e96e4b1b521ca6598ffb764f5	9c7f947e54fc9623507ded172869c2598d57f4ba
5e722dc96fa3d2cff877c5ceb00d5dc083bd3709	122fa128453417b55e0e32926f9ca0f5655a22d1
5ed6097cc1603cd122ed007170608ad6241c931a	15b011b12dc516ba319e6df91734acd045bebb67
5eda3aba4172efbcfe1b8f90d0fecaf61377e318	bad5f68e2f89f13a1f8ca62542d7fc741b69f3f9
5f4cee4a3205eaaeec84f8a3fe01d008bcca722f	8be66a018a8e958ddf8a1d3e6a270ae185117536
5f51a5bfe5414fc195c6ce11db567787cdf9310a	6ed27709b3ae4ba3b1de48d59fbe55598eeb4d28
5f9e62c9f5ac3f9be1dfb6b7236fc3bc7a30c8ef	2e555926c5f27d0b16e8aa7cfb0641e7811e0ca3
5fa1aed00ca2e40655f1a526b3026e65c9e75401	c94079d26c09d65a52b1aa0bbaee469976e0cc1e
5ffbb1125f55c50b0d4f914efd53ba2dcf4191ac	35f2a429fe6b8079d815356a8e329074494f6940
601616c40bcddefaf300c65f7abe51d3d8d637e6	ff804fa35643e5c5712d32d4c9a3bbe89a5897a0
6040c75f408dcd119de6d41860d8612cb2bd2bab	332a9b0c6f85ee95af65a87093d3d1dbf300346f
6095fc466301451a0dada863f771e97ec9f49efb	1ac432197f5357a9481d5d588f16210a1c6e1108
60e7b2056f3eb6856a7c7c3b76722c8d6a8803f3	c0aa843cb14b38b3615e510f0f8b1dafee5710ad
6113bebeca6e1843aec69f193f27d83c8f1c4425	b2f1b988748839bfd7500a518a84deff47b9eb6d
6147d2e9cd45794ec671e2ebf476013be10ecb25	d5168eb4bc6ffe3f4a92b408e70c24ce9f820bff
615fd90fbe2ef5c104dbb8d9737f25a93ad4e1e1	7d592bb31f3b80076309061f396810dbcb886409
61ed589ee50b48c18e9cfa4fc3f20fd48d8af8a0	e78fe4a6791dd0a46fa8b9ee24d295452fce95ca
6220ad1c868397e6cb9b0399bab88da7ac0c08b2	2d1e12e0ddfa5ea248fcc30141e190822983d27b
6225d3e4f1feeed6aa2d8e10db75cdaa8d82894c	871d019d9464de62814cfda2f83de8a1532d5572
62b98a01a02d3884f6a716be66117cde7ebf20a3	ca8522118251f19fac94fa37a3b1c58632004dc3
62c82eba296f82b0700625b828469d84a04399b7	1c214095d240a1cb59a7b0b2fa88324b27a0930e
62d0e03f23d0d166b82459d05c95242d47def0a2	009138fea188806cd5fbec41d438afbcb5b00a9d
63198d38fdc62f6c04f8aad35cba6ef42f62c961	1f81bfd0702e9598f25edc39960bba6cfd9e2d23
639a519aec12b300c9532bf90950c99d6244df49	aa2d6260a402a1d27fc35e414c7495b3f9a717ce
63cd0e6cfa8bcaa4cd691555805d1ef151d95930	5896d62d20626599264d6517774dadf92665c498
642a52d0c5b48d3dcb0ba30cd2f976462ba2b6cb	48427dbb27e88d79d2e0cdeddb00a7d2c58e73ac
6473b18d8d6c84ff85d2276a053cd3a971ab7e53	06bbae8063452956405a0fd310b4f3e65dd4c2d1
6503bb84edce3e648e8c636b6af9ec7e5427f8cf	e41df48633cf8b8eca9520c2c79bce138dd7bcbc
6504f61a1b2a3e247d63495d722fce0c31615e98	a2b9299cbb233bf28105df4db83565b3b2a00ce3
651c62d3f4034e4366b0ddfeb6a8b808beec314d	221ca0165aeac888ac6928a75687f139fd6eb091
651f9b46ae315886e7da3aa94b4f759da029fc2c	156319d7805246b89c887ccce199980fe4e3e6d3
652d7236c323673b7359841360e9e5ff90012c74	706254b224e35147af218f234663be391bfb6747
65303aa9270c5c5e84eaa154628c133afaf97536	59d7c3f5dbcf3a7d8cf08f6692121c876b6e96b5
65632fbcc13974e4b22e70d52e4293eb1387da7a	f10cf828001e3dd5d3228d27bef55f7d61b82446
657c8af5f9707de3882a71716bcd8ff3d9aa6146	7534e269f89ba3196471369c3a190be0615e9849
65845291c100ca8ba0a26b3e6d3eb715b9ba73c5	cdad9571b9a01a1f804e6878b8c868028c685631
65effb816869bebc26a637ac82e358c1fd64a0d3	3f1873d41fd8695255f304683bb16a526e75154b
662f893c4d1317a3c065c85c41d30cb5e5d8940f	d559f7d51a31d7921896ee6b35912ae604a164a0
665f35ffde7f5fe7d180bbc30d1bfbc7b63eb88b	59bc189cb1e61d318cf263a51bef33670ed4d1e1
668a20430c95305318fe4c6253c0d4339992402c	ebbec2b5376146f6ee52cbebc7f41ebf2fa2e5fc
6694402834aa5b8fd2e5ae07b8d22be9a754a033	0c99b1fda020954888de3ef2a89dafc00389670f
67440aec58302c2240a87f14c094291e82e6b106	0d4f6b49ab4d0b1b588a972cff3f514cbf9d2b0e
675baa8ae5163865be22fb6a258eff34c0c343cb	0f292d23b7eb17d031e8d6a31dbac5d40c1a2308
6776731b4ca0eb872eea75cfd3f11c5728cae64a	37c5751d693ce1a4c3c963a19475391ab01b2fd1
677ff394761bfff005817f4fcc606ca349332309	f6c533eb9b71830f290688613636eaf1cb654716
67aab7c8fe452eeae5e663e1e6abbad7dbfac563	6233c126525a11ec1149c9757a634086a6b2998c
67da711919b640907f655c31c5a22acf007b525e	ff629c23cd3e578864ae8c253428523da8d5cb98
67f6dac5c52e93d1148dc5301c1acf8884619cb1	6cef75a19a86714fe3e25fdf5f43c3704cb46454
682c84f4d365d7faedb56fa9bc1415e18df5496c	6503d27114dbaaf7fbfa4211feac955fe2fdf4bb
686468f3d66bf19d1615f12082b992e31ceda38b	45643aa98a2b1118e2a5002fa6937d47b26d59be
68721e3208194391d71b0ae64d24157fd1876207	f92f529934fbfb576008efbe0fc479246e79efec
6949abd2fd075e79ae08d7bfcc3adff0f8dbe1ef	a2618645e79d43aa9f81ba2a19b33effd436fb39
69678a53b2cafdc1f1d0971d0b76a9a5e1326809	437af0cebffaf29442f0d7cfcca70e673ce119a5
6a3f148c1c9f4f34a6aa723a3ddfc1d2204eb993	ec30e36cd6b1d6a26b2205960c6d9d4479c72746
6b557bd91fd0a0dfe9fbaed758e78043c6060dca	6618d3e963adf8497115ea05611c1a4304519907
6b898948b35a77e84c5827ba9d2512b11c606317	c6cc13776aaf9cb4e5771b3b42c160d1c37b502a
6bfe4241af0e58e763f37bff4d32360c1130d617	ae1a008258c34d33cba9446c734388a68127c1e5
6c52eeeec338a4cad8577b8ad1118d7f71caef57	d00e387d7ab1f070a750ae501743a87f176cb12b
6c66b67cfbd4935b3a1548485148862b21d7b19e	cf640a4deb592a0eb907f1d5fa40cc9858e7238a
6cb2ee6b3362411ca54c47fba84b81b86717b244	5ce9d7d726d6a3988e40a42c05261e61f1099779
6d977cf40e4ca92ae1e18d76e9178410715e8d1c	54ee91a909e9a3ea9bb2534c0158eb4e5cbf2d8f
6e2a779bac5db1f296e96df68c797e5daa91520b	56f1bae7eff95d2b4d1cef845fa50b6ad1f332c6
6e9082e26bf289fc819c861af17eaab45ae9ca83	fd7c3adb3c8205493763cb9b60b36946a799ee8e
6ec7d2cb8c221c53545b07b876332a64467ef753	d3f752fbba4279ef7e8d3c076a9705ef4d178cf8
6efb64cddd677a2cefbc69fafa6f1e36e891a986	495afff8dc437955cba7c8ad3ecc2a39471916e8
6f09219f48b1082e9b9b57b913f09ffefc05211b	2b8ff8a3ffff4fa0aa404e2a81a63a1b70eb5158
6f1336ef815369f4d4b3a417600ed11f40b4fcc1	417a902f506151e7350be9b5fba48471eadbd59f
6f50e96f440518e6cbe9a9da3e7ca309e4055568	ac8b62d0b0f1919ff676a9a6ceecf8bda5628106
6f8c389607a16d841103dd5e20b4ace3a1eb78b7	00623ee4f71e7347f1f0cd11d71a5dd28010bb2e
700165b2c8af2a92eb67ffa84acfbbe9588b88f8	6dfd0bb2f521e6b94ea77d844eb92584edc4fb9b
704ebb798c89296cc053fde35e02dfe3efdf34b5	b1cf896d6f613b09c691372d40e086da5fa3f246
715b6a2fb91e5416a0bfef84605d5bc115a660b0	f49d26776c6464c1385a07934f2a28662c309c32
71a88e172e227f1e9b808ac31f580165333f7d71	69a5a4fe491afef629e9ba6d7b3c1ef23b96a4fc
71d473993203f6510fdd822fbef2fab8789fc7e4	b2d0783712b30618807584fc62e98a4d175e06a8
71d9208697efb063f9c4f7a1281d073ec8c92cab	3423438cc5b9719affd5a089c19679f49dc7e64c
71f652423ccb0046803d13df6188cbf0874a5815	594d070bac6701c8730c433be37326db5826ccfe
726b9a3e861d167b35db241d8fd9f622f3a9c5df	d14e3d698f2735738d418792559f85bbac58e6b9
72f7e326c70e4404504e9dd04075f0dd0c150cc3	e93cb76a50c8a3a73c35ea35981ada263c7cc876
7378282a9a51350283d606475236993f62730197	cfdd83b1755a0768e6638e5f2d239d10d2924922
73d5441db90a558245f91286b4272d9654b4edeb	97024709ac89ac0de28711d3faaa8523e2265116
73e336d9a1018decca91977c2e8ed6e15e2e879d	48459a02e5d9fce423d455e5d5012537f3cabc50
73ec176cc59f91f89b4e49eb58f5b115c7adce18	0b480fbaff6bf582dfe5c2e606edb1600a5c0c98
74008fabad9c93b582f87e8ecac35f72938fa905	00b032190491882f2c13b8b7df10ca60660144c2
7464cbf29f349f692ca724322d0f2df59217262d	8ca71bead060dcc4f952fc59a04e3c36a75a6433
749ee3deb57e03bc02726c4373e4f90a4aeeb1af	18f144a78550a254c43d26e98e8b3149e24627d9
74accdd2e5c3f4f16172410edfd87876770ff528	cf34174d29ca44e05beac2193bf5547be2a66944
74ee0d5b0125facd847ca687bb9c2b7264d48e1c	ff16935a57aead1c489a192c5480e0743f4d6422
74f6d8f6da8d4f4db9ede7013545fea49ee32656	64d29d7a83a572b8b5fb6dde088003cb7dc98284
758459f7525ae2219798edb5698f139b2f7a995b	3165cd947a15529de2b27d6dcc8e30817b1b5c53
75acdcaa0e47b149161be8d3c9eb8de2a1193771	c2f2a70c2e077043e97ad10171646f30aa04b5d7
75ba78c54d9a03a2ef90bc4f9ae035f24b1ebc61	06c7e71f5f4d3c6bc99d309951aa0bdd9d319b60
760986ee39c9bfa27922c5023be2e273efedfc1f	d3e2abf709b2ecae10542dd01ccb13db179e58a1
76237c1c3cc6df8e08f65c924a6180d175f7f80b	07e05e7cbd383b63c986a38bf94fb1b52b9ff0aa
765b6c36acdd7e908a63006d58d07b7a5b4a53ab	cbf46609415b359f0e6b6b6af3736431e96e20be
7666c0f3c7c1ba2c50f34fb708c6eee5d88140a9	36aaaab42b4ab76d942f8d132f4ef180f29cf91b
7674ff4eb8de59bfd0b4be4e99dfa11918005461	cfda0ea8c0e63a58b29ae7622e33bd1fcac33d08
768a9e4d974ed4f7c208b6e3d401b3fec7fa8b80	8d7cd94f76038819d9f703eac7b4eb24b7d5787b
76b1efc8540603dea05472843f203bc3d7d9a823	0bc92b1cc0e8539f9f20e198f11ea2dc722db907
76d074be8689c49c310445e8121358e9d72c0d48	09163caf548c7afad2472cd23683d4789e4d20d3
76fcd0b337d2fe6939f3b2cf1f95ad302e478a57	730df7b2dd42d42b2b9977c00933d481108db8e9
7741b0006b04f3c19109cebda667ccf6ac35054f	4d2babadc07987cc5fb2be0f1d340ca19b596daf
77bcce1973b325bc2140822fb7526bd9f2e98d03	c413f68dbd1689592df96b4bba06276d8752a063
77dfa6fb9f3f9bb17014146d08ba526ce0ddd06c	82e76d0fc93229df2ad2f3b6a0618f3b2277e9df
77e7498a762aa96c436d367dc35ff3431c0fcfa8	dff7521456a58970469a23eb87e37642b4d25734
784801b14c9913e2eaa058ab6b6af704e7278fda	3613e0d5728d89a3315e2819dc7c756904bd8309
7874366f82613035b047f4ab7a6ed97e7974f68f	d10ddf66d9f995cf7c73ee9f8182be589bed1186
78e02ebcd76fd9219f2473dd0a6500dca8938cd5	3362b7e2dcff0cd7d87cf328c14d089ea2383ef4
78e2bdcbe7d3c0fc0727b6188d03e32fc393ed66	e8e2acda5c002b8314ee4bfe7304c467ed52d2d5
78eb48f8bb0711ad8ef0d668665d6a73b1050515	ce336f505d3cc37ebfa57e71c0b894139cc2e806
797926ded2a978943e82bd2e5810fa03421897d3	62707d60f6d0e264fb0dab4ade4cffe3d0f2cfe4
799f9bc708d5c1ddd1d95b8611db4db557a182f3	f4116688b99a41ed95c43552f42b4d97d2427726
79a7efc86cf156aef04e58b60b0ffc993cb966f3	d0e5ba5ba184c042f9af7a012b2c0dcb09cfd2d9
7a30472d1f327159cfec663b55aea2ab08f92d51	c8b85cb6707657a882b74c587e18ecb821f2d72b
7a3cffe51e8ceceb9448a345e14c7bb95d897db8	087e82615865c1d04c8f8aeee4e4d9ac493c0a29
7a4ccdcabc1f4d6b437c08830384dcc161e10d8d	243a4af7a5b22ce7b7fe6bc4d268270266eb64cb
7a801e59054758813f56db62968c6188a9f7740d	5036700b9f9db234031a075e82d0dc29e44faf72
7ab95ecf696a73fea29f5b408556a8a9d028dd9b	6472be8f0c7bf2c6982525f92ab4677474f4c4ec
7abf053fae2f8dcce47964da2cc8d71467619ee5	7dab3ea0a5292690327d1703a97473172c748ffd
7b014fef6648629654ae891e19eafdab429319c2	881f777be36574cea48a6e950564893919098370
7b2f14618fab1497e0cfb6c0922792206e3f52f1	45594bfd3433a4e3a9febdbb26b0d3f9c0b32714
7b4f2e0d7a41e9397069b9ce99e5d090e07e7f2a	62ef47a0b55419eeabe58e9e298add3d251b9f5d
7b4ff17fdab01381e2cd8a5a786f498edfb6a408	0a09be34f41035d189052b6f00bfbe1e79bdfea7
7b6ccb2c3e4d5c952ca12530d314c44a3f1cf6af	acd719e5bde9e8622cc3a95282d5d8220e2c0554
7b813a88e5a55aa581be7a7d0ff264d08fd03f54	3dc800c2362323f6e059c098ea7065e92bf842b8
7beb645b042f81a90af6d97c2c633e0469d207e1	fa4c55e4d86f6b8eb3d1a5426caa2d90949cfb1e
7c16d03598cad4b953b10da5017493ddb6521434	e3b6ec0f5e32d7ebd96363e29f6cd9574c0f4e42
7c4b0bc9b915a76dd201c123b670f14e92d66b3f	cf71ef200bd7e8d1976a955f5ec3bf49426e3ea4
7c79798a46151d5996f2a7fbfa8010a6e040a5e8	733d6a638ec172f5b5880b4522da2ce3de69b96d
7cfa437d3f1d8e443626d3f2b988b96fe33de8c7	365d7c219f673183ad9cf8a6ae89edea5af81c68
7d0a89d90da92e792e7696aada77d1b53cde2b38	ab97de835c555314d9503ace89c4be47874a19f6
7d8b4b885cfe47a2ddb0a4581c6e035e967df9e9	dc5b829ff031a7b397217699256e4c2a8e377ec0
7e3c631e3283f7abb1f3e397c412388f09c04c6d	2d7fb11b0413e7b2925a5483caf84ee6eef062e8
7e6cbaf7a0d2670ca0e70b16a4d0891d68a8b937	b24d68eeda8000c59d83d873b3f44abb00ac35cd
7f3a1d9b75e2d4b0c2ae8a8c94b8efdb0f504d00	41efcb10f688db06a91850a5430497b9d3c690b6
7f8e4c4991a6805fea0f2f36c8cd511c748b2ee1	86ce8316331ee3ea51b745003a499d6584aa5966
7fb5b001bdbdb48a20567b6d1c87cdcabf6a0fb3	71f032d7288ca16c5dd57be00fe09d6a2d62d809
7fe413f89c1427ea8b8bda2abe4f5b85cc2b65cb	21fe92c5784411bded521aae9d6a33f2cd6ea2e1
7fe86c6ad68856e60ddbe51ad987b87c4efa1f31	c823567fdcdd9e78767bceb36a768417dfd01ae7
80605e1826bac5d3bb87dc297fcdd37791d0744e	765580bd8aad1a1af967dd18da39fc066020bbac
8093edd56bd19428515c13d8414408b08268f0b6	b24cabf9200927da27aefeb8158f3d89d9b8a13c
8101a1b7298f39390aaa38f5ef6cc9ee062e2c6c	fe511a3129fe6cbb7848e7832622ecd1eed3ef40
810c4ce5fad713a7bcc6877caa9c793d514cf366	2ac81c34ae261eddd3b39f36c5a7afd72639b580
8125f5057bc51d8f8ca1fbe9dc05fe3b9681de46	f66494a3fe2825400b3dd5f281a572ed8ec30ea7
815cbe288d5dc41889d751e4fa25d1319563ab0f	e78160879590577cb3a4d02a2fc3e35d85caba32
81bc5670f67d1482ab9523a9498a9bdd90467194	b2586f6584bd18cd913e3a8ab60799af4b62aac0
81e64505efe9c95ab19e05dbb8e5191e327691c6	f702ae69d4b80b797393570748bf8a8b12d7ff9f
8202263a895ea0948f415d14c4cb0576d3c4008c	780fde5807c9a370e22cc979960507cd80807cbf
823778b2f1e651175eaa743db86182570a21a2c0	051313c8902ca4d1b70b99273982232cbe2d9481
82488643668da4887affe9edd25fdb2f506076ac	344ee5ea056fa908f31e83b2bae4d410d2319fcd
8288e560a21d32410a083c65309a2a117ff3c2ea	7d6efb1d13ccaad01bc3c3eed03463300445e7af
82fbf0c518d850fea28bec08ba972dbfe0749a4e	f34c52736ac201fa11c229337c9d7b6384b62df8
831be61a8b683f6307789847c1f88824b3c454ff	f98d48e38f6c7f06c2677d216cdc35b198b40e92
832e3e2c153060dd3c885b9fe1e9862a93233726	7a0bc08da0536c73691cbb8ecf1fb4d2fb11ff50
8350954c0181d38646a2e360fc5bece81c204369	33153cc793de8cca5901d6575ac0806cb90ea9a8
83e2c8f06f831fce8127f15bc4408983597c5304	90c4235470adb283bf0852fc635b0eb017bde8b6
84124eab9a503caf9c057ab97366754a58f9617b	fefaa772e25aa5b845827158fb19f7c8718c8b1c
843367e38421d935dd68881ddaa4fa9ecaeb8262	cca75b9c041e676a5e10bc329386fc36f3e38345
84970f832464498451376248d0804addeb47b5a5	df95a63262c78eba7e67fc524114ab4e6758636e
84feb27affe072c7f16fbe58e4405a6a12df57d5	758e4eb798754fa3029d264699af41c825928cd8
851ff43cc63dd788d1da63a6f7fa44fcc6ed0291	cc537e2e00c495b20c28102be54cb3c5a0066f97
8542df51593ec040da72361bbc9895b9bccff78a	9af0af88a79e29f478c5dca1421fdf2f3a62275f
8562997667931e847a26776a86e5ba74d10163cb	c76cd2b89b137d331a1469c4269628f4d8e143e4
85732f417b128ca6be761e1af44bceb1b5307b4c	981fe8987984bc050674bd6fca4778834bd1add0
85bf1d858c242ee82151e36f191d6544cf53c80b	9fa25c39a65bd87eb9cf0ec3cddbba259a2d79d7
85cb0ea88e9c46c788f724c4a9e813f86b669c72	b4ffd0cf3b5ff3e4585db0eaef3941fcc71f2c31
85db0c5410118f03f504897fa6f1ad8098a1031b	cbd29664a162ae015319dfdecdc9e2d71bfe6da1
862c5853c18bc182c2dc2dfa41d7e2be1e1355af	3f81eaff06234c6936761e46305c4b1a6da33f30
869922863bae01d00de37c117de92d24c22ca2ec	af40348b076ab55506d0b3425b586283e1329106
870bfdf7dc8d49322ef62d9803482f0d0b47b2fa	7efd76af5679537f68c885f0e68c4e9d7ac97cd1
876361b9b58fdfe30beca6179ed28737a2e0b568	4c52a2437c6a948a2f978f6a9f95e501855bd217
87bfffcf2da739169df650a5e4167cb4f7c4337d	49f70cd522f9b4388d397f88eda14c0efad3138c
87e0f071eb92852272600a951367a403c9526f17	043e5e146bd6d62b04c77f8f3cf9325d78abce42
87e41e29fc8b6b95d542213582b1e2aa2c4830e9	daa5c4033bf128cc6b3f5c67ca1fe0dc4401a932
87f0917a9fe1f04beddd1dd7f558fe43cd3662a9	8c7ca8d494f438731a11d4280a894a2203609e39
881e92a2270e985ad8fb5c56dccab7e0c351e2f5	dae08bf330bf52066bade7900bacbbc053af2932
884e4e19d6bb9c24027735d28f1864bcbb7f9a85	1e97ebb7c4ea85f317c2b6e7dfd6dbae7723bebd
8864503fd37e3478f39734485de41eb6e31a33f5	d4f684b019f2d77af68e325baf4be8fcb6123790
886e877cdab584c6ea858c588cfb5185132bbdbf	e0d9690a4b60fb36c98b7085d7e4b7f4d39ffeb2
888c08361104c0cf8052ce389ead2a1420ff47dc	178197656bb5800948c635a862e1d45de740c079
88cbc40f1f5b2cd3609245bb2d23cff6bf7bc63e	f02b5e140308000676febf919bc92fd461d92716
894858113161b806102a31f742c97e77bb2ca7e7	d96eee722f0ed8233324181366e8227e5f2ea693
897405d0a1691622ccba2790b5eee216973c8316	9eb5ad174af4835dcb24eb63e30269fd94883630
8a16ad58e1401d17c2b9fb4ea13e09cbfdacbddd	18a24dfc4ca6a4977cc2029309f4e79e2a5e43b5
8a2c85ddc9cf4983e7499d666a9bd9640e284fae	d3452617f872c0ec59ff8241f97f4c464214bf69
8adca51414736896cc7ce034ea7eea1443da016b	c384f2c7ebef04e18c9972bba1e206e996fd91d1
8b345413ea813031b9fb1cad598c31cbc0d8c762	cb262c2d48c03dbe8983d0a80ca3e52dcb750022
8bb341fa517ae7da1ad64e9b9807d69190c2afcf	cefeb55a87aa3668dd7410488f9b33876e01e291
8bc7425f6a31b66f93ff7434baf329b53b3b5c7a	f5dd001e5b8734fe936221be0200961b86db4386
8bc85e6a9b89a46c239b1c981594f33985e2ea7c	b4e6ba24ecf39e22a55d9a6ad123ebc963774d94
8bd2b9a68f1a4a1fe68e86f26be7c184fcace183	c6e07166b0f122f495d77a6388909038b0abe826
8c19d1c6eea8ecae76b05c9c5efc8fd462c86451	69ff59608bbf376024064f4b5c017d3f740806b4
8c4c2ccf77695b2555519e8da2267f9866a71e04	4ec203631d80944990c09948f0014515b09454fe
8ce0eaeeac5c44a760cb7524f8b4dd4df0b9c764	3894f1cdc9cb5d6f4a943614e637c536e3a7f3ec
8d0014c8dafa82a414ab047f6806a32c9f6213ef	80effa5b3dac1717d7fdba35325231efb6a89f33
8d005e9e66d64c5ffc8c38e3e86dd48aaed61b52	1f66d2d0a3e4e1d4c5720d9344134210ebdf6e44
8d1036cf415c4e6d267a87c9b97625b1be0b9c80	53467223824f8cef0e1954593d940629b9648619
8d2412b7ebb569f9f35f066486364282e4ab042f	14bccf7635e5d158e04d5b8c2428ab8941bb93f0
8d337d9e9dfb259eeacd21844b203b6ffa0df152	4e72c7988f0cb2a0bb94f4340f0dfd39503c31c0
8d36ddc357de9154b622873792bea2a42ae30841	1319202f8f364cd5cd4e18051ec5f0285f749ed0
8d465e09d6fdb88d47ffb600567fde0ade756841	7f8d8a6a987f46cc8b380ae3ee15c9b5b5d9715c
8d6df70f50952d7138379d6779b6d7bb464ded55	b5d89ccdea7bed4f2190cbb9210923a26afe0c01
8d831d76c2d6d932c1e7c20a14d795b9e5350265	9f535f38747f4b5c84f547671920db2d096b679d
8dea59782afc9ba275a28cbc00c455b088f254d0	30f70e07c848a39a7961c0a1b9ee5dc51232f281
8e3b737ef7a87bc6116b0aa805a555570f358756	408ab38119107849da5af2a88ececfcbbe52bd53
8e3dd5e891544b1daef65d02681fb87fd83f52f9	82e079fe8602da36def3944de9ff9931050f72b0
8eaa5adf87095b77811c8545c04124350bf0e9e9	17bfb1c90f192d575b0e2e4ad27f57b7e84c8074
8eec8a587bb0a54030b08f193deccb52938455b2	57f32be5426e8cc0132e0f58194581bd48e7e23f
8f0df02f974a8f48adee025ae9d481ffffd5d351	aca3725b6f2dbf59bd33021bed4d439bace6c3ad
9053cd0e3a6a051d3aa3de0df3e771ee68796f64	1fc2ff885669ba36c70022a1fb1f572afa308eaf
905fb36a1579342be8371a0640d2b8716aa0f5c3	5c5af2fae8e526dedb892e43ce45ff97c7c40ec7
9067e3b7e01b920fe9a36a025408e3798b908879	21f918b6f63eee1a6ae9e7692499a15183aef392
90933e93dc50fc319df3af00e262bc5eb33c870c	436e6950ed46bfa4823cf6c35444e58ff2587425
90b9d03a80b5702c3d70ba90061b390d51f26b8e	ced612e0542aa2a260cb09b7a31605101673100a
918af3c651f39ea8f6d9af50e7faeeeccddc3e53	1aab8d9e6a05a8ce90a357b757e26bfcea445b7e
9207ac53416e4a9c24ac2b4f93eea5e4cc5076e2	e0dc17a5213aa1b48e9d225ab09d58628e6189e0
92e078b4afaf6a1ff18fd090d20ce1094880b89f	6ba149a6d61d57d081311f8e0fa3c958b7ea991e
92f53c356df98e9a0074ff4262e673c20b3d92da	8ef2c6efb23c8a6dba02dd1d5679f7eca21aa413
932fff0a80019807d8bef7b7411289b9d92cbfff	a6eb92479da40417242b0079a94c7ff2a29aab5d
93bc998444c5424825802129d30ff3eb1ba702f8	de33dcbcbc62d0dcea9d75697ed3038bfed52fe5
93f4f99a2f24917e6136d33c92af62dbf3b08944	e6cc8c2ee31f3e063dd2a8e0707d8e1f1d3dd383
949e87e535affe90acd0d3b4c9369531725789ec	44cf97403bf72b6602d5e884863b30c48b7e10c9
94a4b0c355ddd4c4a0cfd1793e386d163dd9a668	76be663909508a9d9ea7e9314e10c20442e35156
94b6e3f9a229886780d3e1e043141734e79c3762	62ed8baf4eeff87cc3a9012aa24d86301a9ff7ce
94e053c588c10f2ef888182a4a1c9df99b59c849	2f82cda302afaa87258b264c32ace4fd8cc857e6
9502bf0936c0b0db46d05aa19f4a1c1ae9cfe4ab	50372c94ae215f2a4c2f9969d12cb516006508ec
9548625c43bf2df72f9e72b5c477e29889c248b2	1fba0e660d06a43580ee634d4d0a0da3eecbb7f5
9585eec04e094f3deb2193a091157f0ecb023c1a	eb631aeadc7911d98bac9fcbc50f85fae0f040d4
9633129ea505cf103a01c99a5a2b40333af3c3e2	fbcb484a7160aceb5bc411d3a35c91a44b4c3c49
9685bf46830552b18731452f997832ef056de69a	747ecf8869cc33cf4f1990a3e8419cd1b2046f3a
96c494c550068c550eeed2bf7f087e5bc19b3306	2f6cc7a7e591551edd3e25c8909f717844749732
9767d9a38b2c841802b680addd9730d3d001e7e9	72a420bc70ce0dd2c2c32ca1ece9d1cb72957741
981797b73d4512c2f50e4b4948571ec343186dea	d64d70e5b96aced56b32758e8115d963f9e57f6f
98233b475b0c8c124d649f3f31ece48b6c158e74	48aba6526482a1f31af4a9eea810f5c751254eca
9831ddaeaf2536d4e0abae54464151725d7698bb	21892257914e179e451490684ce52dc762b4f507
985459030a8e2d3f880c2ff9f9c1e9efb165bdf1	e2a7efe94cdf478a295207ace87ca108d797608a
98833bf71e53eec184a7db2a065aec1469a9b8c7	71a9e3ed19778bf0441b7991be5e8fd2ab2e2218
9896e438d3613ef34559738d7b19c86a92a0b23f	423d87f1491c9483181b7f25224388e2cd0d9b5e
9898a11b9c1a38a208dec34d56a878ce4f735f6c	b48c5fc0c55722f25816420a5ebbb235fd309bdd
98de53ea41d50df4bba22b17c1092dcb91088718	5d726453fb95b1e96a377d1e5c0b1a34e84ad770
990dcee22de262dc32de930f30ddaf6ead0a6be8	47817400b050041b4ab5c3e07cb86a364b44fc10
99120c56ce36e7177bcc712a2713f5a9daaa4b0e	e127f2cba49a4146272c1282e3fcbc24ea5dd3ca
99414c4e0cae7d4afe639009803c7fddb5a5b455	c08df7fd651168762c955435b4d153673040d67d
997affd97d8ed4494aa2e9dd2f0ecbcec5b53b01	8180dba56b4acca4ce64dd5db574fa4fd3945ea8
99f00dfebe9102e2fcb16bd0396d08691fe8045a	461ffec38f5bc7f4fd8605ad3cc82a4e79917b61
9a472ff6af2459b7600c399b0dc283804a3582fc	3d685e7b293339467a3ed30ed0435fa6a9db3554
9a63c2c9176c1dc31eee836a61d78d9d0f9bde89	692e58ef648677ae9ee216d361d297cf1983ad83
9a8e165d49e0d7cb69b63ab4120fb2b60993f9ff	82870e54cf607fef02d3ca63c12db8c7fde091eb
9ab8097b2689daeef3f6f9a173f3c15b11c0f808	54c0dc0eaf2a1b4fc0acd2f521c3d2d32fbae3b5
9b2f2d5f3926bdbe30c45d862bacc857ab561523	630dbe26b8fa3fda2ff3f07818d7a7fb3217c247
9b5c9e74560eca9b056b5d5f052a74bba65c0b5f	8c5d0a9591cdb2d3446c531ac806463588c4a704
9b6c089ad1019e3800b33e723ef987c16156fbfa	bd261c480e9808660732e4af544701d3cbb0d923
9bd515e240b875bde65547db62cd769b343f130e	fa9a12f8a458e8396aa70dcf0e1b57dc86191d10
9c1fd95c2f1d0a3de1b6bfc089d83ad9a905882c	05366adc001fcc29093591761c4e66b375772f10
9c5efb1700982784d5eaf53c934ac34dbf5f52b5	495584662349200b478c1525e50c6c4ccd3f298f
9cd9094e9a40e9b7dee6fa93bb5d07e8eb04f511	62adeb1b9769ba3e0bf97b22930cb2fddc4e6451
9d9fb2dd495298b432251427d3c7fce48b4ae316	12764b2b4659c677a8f4e691605b0f4fea4030b2
9dc94d3b99f43de483767d8e086ad8b6e2a3e6a2	d3f17ddaff7df55714387a50b6291fbc51e312a7
9dc95c5df44cf5f86cbcdd46cc3779d3fe9405b3	f47a055b684e52eebe189d8952101d21acf9ab6b
9de500c380dcaf57b8ed3138b4e7f636ee8a138b	18720977ce91a6bdb742317a982f411a91df419d
9e05ed983ddded4adcee03c5f19263153ce68f93	ec87769691f785c747b79336a60a59f7bb89b7a6
9e070fc22532b91f5e6f834035cee860257c6cc6	18f3468427f3cd9dfc0f46ad15ff2c11229e540f
9e13a4542d1edf475f7307d937bc91fea22e1298	2b6b031ed150e75f0462d20c3ee29ad6ba3d9978
9e1eee61af7952dbbe742a7ee3390a371a7b8841	4c664516c9fd190f1f008e226732294537966fcb
9eee0f95ccc7d89b4175c9889fba6d2eca7553bc	f9d17af57d3dedc34b3ce02724d35944c9b3022d
9f43e96f34d29097a15648ef5de8c0bf5a3d75b1	69ff2379a5e36a20eddd631909412420cc97c005
9f5b433220dd546e5e497b77ae86496bc8e33a58	907173140ec8cc374053fd3f3e228b0f563a6b30
a01112505619674ffed17a370f9ff683e7afa0d5	2b920bea134585a9b95a98a2489fd47f8f58b0f5
a05193ec447e8a29523730c11f23c67999b0b7fa	a9a74566fcf7f7667c9c514e1616711f627431b3
a0dd742161976426655df2bb2b9c9e212fdc52bc	250f8e320568a108036f6f948268fd9f291316d2
a119faf697702df0ffa5567479a6e0b382cc4b2c	57cac7b152f834a34b67440698aef55c8eeeae72
a1608660555189543928a46a3c41393af3dc71c2	238204597dd340b032dc872fa5d068e8d9453d56
a17b36beb0b934f2b6fe79143c9426872ec828fe	d222b2576e970866b2ad3661604249d15c6f6d72
a18a699da9871ccf10e5ef47204192d67fb325e8	182d0aa93608cfbb0c0136e896fad051e21c852f
a1b9e4b0a120931c5d4506c7089f72ab58d8ae89	2c43fcc761b195819b5b8b9c651bb0c301c2bc29
a1bf580d343fc10290582d31ea7ffeceb7bbafe5	73ef19a18494d31c5379b306424e9e9c6f79845b
a24e02da73576ca0f893411e264847fbb1709b73	833431bea8849051478e723ef362d9dfda091f52
a26614fafd78eea4ad1c4888c0ec3adcb535e328	a9d1b9c58a1eec7f0f1483afcce2d76482a4bac3
a27f86ffc439c89b9690af171a3dee5add5779a0	b41a754abeaa009d3251ddf819d8ee387e6dc4a6
a2a2d407d24dafd54d936dee6f42bc9bf9f66dc7	6058c2c35dbc1ba20c32794f94cca98aa0d8e2e0
a2a7497a44cdef95836f66fdadc68b9ae569a8b3	ef78f150be34b2e0d63c32bf5f81d62d8cf20d63
a35a4d070c8b7fe0f6a7a03cbe3e99f17ea1d3da	03e6663d367ad7a7e068b73e9a2f7a7c7b4328ae
a37eefb62b512174e20d492cc88e87c759334b49	09c4740bd82ab7f1bcbf731dfe9f4763784344a7
a39fc533c4b6b59821b3f6269c643c661fdbb0c1	f3c1c9af97feee3809104069636d9abc4ac00bba
a3dc4b1c802d9151ca61c050a406875304ef94ae	19be68c15722fd47e3a96a7f1f822ebb481f5a94
a47eecf3441eabf87360b5a1c79a88dda4a543bc	e55503ee60ce502d4f001497816a02b6df85d5ce
a4df6455b754d991d374e72712a8fa821794eb18	784730a8e13e1e8ba5965665cf2321f0bd41b874
a54e77bbd99c593f94a8f563a7b663c03f9c01b3	51fe8c10661ce990a32af4cadb15e76d6298a4bc
a57e9da3f85f4b81fbcb469842bcce7c92a75e20	4375895a5ea4028ac809c1efed46fbe5da69d32a
a5a5d1f9f0cb0a6a982fa513a0e5b74c6df05c31	6dc116d20165f67c92d3abc1ba6e3e45c5b4dc0e
a5fbac4c7fe72a6d05d8d90756c3b3e4db392c75	a29a7123a97579f60645c3870f12b8ea48da5377
a64cf3e31d7f893b1b4e61d485620a536b7f541b	8a1a55ca5b941fdb286654d2bdc8b9580c51ff20
a664348c8e7ea9b89dd1a89e6bd904a121cd97ae	1a2832fcbda58e9ce8ccbfd43216f24fd7269d06
a6bb6f7617093ecd3547630fab6bfb4db4e1dc2a	71c91ac2c05b7591acbb05af3e831196f72e3b94
a7187ae0ab3aae7bb59ea009754d00ac7da2136b	fc0e4beb0d3ca19baf16cf7f30d1921becb19644
a7f3e2de7b33b4a45e04eff3a2dfb119c4703385	5d7e35861b4d67c571f833e4cb3e2201c495c9b0
a88781500b5813adf6cec71359428a9382258b52	94530e24717451f037b2b044db2576fb39835b95
a908b720802a7ebefeb32e86d9735ebda720e775	50f685102c4d14245b7e0095e9e19c2875c1b069
a947c09b5b84a6924bdda0c3b227f5506b3069fc	fd40d0d2f4fe72977c80dffeeed862d970040772
a956b547e0806a8a60daf5e9ed940e58cf86e3a6	a62a9cbc5f7f75b06ce7765e5340b8753820d52e
aa19b663c8abc285a63dbbad16cdfb5be9dd7bf1	c73ca37688f2ad080d9166702167051491bf16a5
aa68fdfdc1588c32a0688ff2d8ce9277bc6ee94c	523961088e8a0b21c2906c2b05779900e6a54415
aac730d691fc5df806879e51c2dd29b655dbeee6	cd160c9f1462f955011c69685e4ee51fd1e01e78
aaf582f81c3cd08276ba63cf32eec8dcbc534248	1b065cd9727f6f4fc4cc695a10f1f590ce951219
ab3d5f8d1782b56c61623ba40091c669a36ba9a1	181d83901df6b528fd879e6b8f2b5e8435fc1d87
ab6ff3ef601089bef0f3c112295f0844e722cd2d	14803694394f4c8bbd9c96b85d247bede4aa244c
ab73ebba7dd50707398d505191c5eab12dde89b2	7509ddcb5195c68e260fe83d27d3237832942448
abc379a6a5fe1c3a2be91089193dc70d21de2cb2	98f09f0860d116e280f591d4f32df775cff173ab
abe057a8210e68bc5ada869d7769f65c051b1b4b	9fae1342cdc63971298b68b91d05ae345f948f33
ac3246dcb9febba0cc1afddebd606b1c63ad03ca	b5c8a1eb41287928e135a88a7b198b4a56209dc9
ac4226b7af99deda1e95f2a129f866d08fd11bcb	d6be6659ba30d42290ab0ee19553c95b906287f1
ac4ad6beebb883df0301cbd00a7d7080c914160c	cf86553a104eea90556f79bb6faf03397431a8c7
ac6eee94272ff00b4313f3a395a37a73c321ecda	2810985ffd4686aa9eeb298c32f2fc15fbf7af1d
ac6f33c0f04984c6946e76a4532734b650c62182	c0e0a2d7f84c76b877c439f1da25b4e023b12eda
ac78a917ba494ca3b390d28a7b2810566913174d	4b0c300decdd62dbcab94699eda190b3d2e7d62d
ac903ef6ab1c549072dae1b3533bf1b0b3f3c523	bad72235a1ff2ee51a44e82cb4453a4a28315ae7
accd2513239f7b397ed92ac31579e1ea9e66e965	8a5b79bfefddbd82f6ec1bfc2fcee4998ab87bee
acf49f22e1c1d2711ae932f427f0c90e8e927bd1	42beb1e21276f9cb468d4081a0a9c44c1ba834ba
ad2f6636f4e8632617795d189a42a1cca0007d15	d823818444ed0555844bc9ab6d68bd9fe03b2005
add5e29d85d475466ee73a06764e4ca68fe60e0b	802e3614c3861dfbadda63ff0dddc1f61f71f536
aded80f1a619124b0594ffa2e106e29ef6fa4b5e	b436243d882f3ec5e17a7a89b83fb5f633d36496
ae25306e72a179459413f831c08c7f410304c73c	925954637aa48aa9f222a89a6c49894852e770c9
ae376c54a68a734b0f387caffa7a2745ccc96dd1	93ee691670c15ecaf4973655cc94c7fbbbddda78
ae38851cdde640d0d76a68777551cf9267e2e99b	26c22cdcac347a579cd1a2c26de8b1c76fb67086
ae41c828a1e8ac871e08171563a5a384438b1e5c	9829836f056425f0aa28798a64a1e11399e76d95
ae59902f3f39b2f59c9e8642c3f2ad8351d9977d	9b6b4fbc14da69830429982fe631c824a4fb81ba
ae99f100d1f808aa64cc27ff7e55fb730ab4bcc8	502fae40584aefd0d1a9f2495a297a0157b5d2e9
aede2fc7f91ab58efac4319f484ea6393661a657	458daf1bf267e5e6bdca5a33fae3f35be185707c
aeef64bfb3a2cbb1bbafa38f6d0a1462c2b9e794	d1b47054a7f18e4a85be3a29b2f200807ed9ed29
af15c842e92cf61ebc82731886069510a8c65b72	42483e85d688d653c3fcae1de4e2e14ccfb7354b
af50ca183c24c02ff067539e95a11507c7ce7537	e53df476c24cb3fc5376c51dcde6e3724dff87eb
af5b9f09fd80b8be86ecb4859f6c13e850a8bc76	d339dc959848cf4606d44266c6efd3d5620b6198
afd2968db30a9822153aba3a22cd6e9347d97643	3ce591f61044ff1525c729d17fda2fac19b435cc
b007cee3096a209fd7a9ec45286162857883662e	333af65a0b848ffa36a113a3bba72149b04af0a0
b0546ba2ad32725470e209e731af2457ab7cf891	50d431ba5db519bbd716d888e15d5f5fd72ac6af
b05835d067057aa3957074b74972511a38adc63e	d779c38b54d8aa063c9e91bbae5876ca24cb5805
b0872c9640522ca6208568db73ea7bcbf9295554	147862f4db5a242a0f67980c54c0d25856932b93
b0be0ad85da977345cac36e16d94b64644a795bd	37ca6080f24cdb2ba9e05b6ea1a31f666bbb616c
b0d22beb0897690816fe699608274bcc4943b1e3	e77ca8c0ed0e419a52dc8e17d961dd1241700a31
b156ed00f17b4444916652a35955ae325e6dbd2a	1b60424a572f76730e6a57688d727cf671a115b4
b177d3b9318a6599530a5cc4ed0e320d94339789	fa3b01ed1387bbb0ef4679414bd8f0daf5f76478
b1a61e1b12a42a6921a0d5d4a9a7173e994ce6c0	e61b9748e22fe3baf3fdf32ec0334d54ebd75897
b1e969373bb535dd0820b5982fd350f41550e1db	31a0307f7cc30b7cc834581bfc3609c0a3fd2ea7
b2889ae3ede06e82c5c7cc2c2c5822c17bcdb675	132ddc0d14f85872e055d9752c0e1c2b601353ee
b2a1043fc85a6dce03253848baf481cdd3979f30	005495b81ac88142026cda6452cbad43c7bb6c5d
b2d44883c3184ec6dd91e4ff0954568750058b5b	cec78130e5d5bb854ec4567fa571aeb9219155a3
b2e74d601ab1af274cf670c58be53645c1001114	6781a13a01a182c030a5a6841aab895858e446d3
b33d1072e35271f19726b2bbf7a9b81aa5df1b45	6d267ccc7e6f7fbd0bc226c0ed6bfab7fa729f19
b35be0d75027c9d1c1729fe844062db22799f0ad	824099fb6964e7cb0510fab5e44ef813f590277f
b392c25d233041a6946656e6e030af0f7a56358a	bb32272afa770c26a0c793cab209954e8cd80001
b3b65a0b3d0775d1823f81a843344ed31cc7aec0	f5ea4dff8414f90525d0e2aaf36980cd47a7d381
b3b806769607a6f7e31d035d11871860eb4f4594	de5264fbc92dc024681e4ef5435cca6042502ffe
b3cc415b6b15d3461a8d79ae372d96ee533047f0	372bae58453990e55a3c95d38913c0c91b26ef75
b41ef0679c6480247a1dc742d13a84a0305f665e	b2358c68655f488a6336ff813baaa1ea78b329bc
b44d6887a1634b8ff7aba6015cb2803b1596fd44	2e641e0a9174215a691cff834e4c2b29215bd29f
b5014d8089156ed2cf99f2072ba1d81e099b1e34	a413f7824144a1029abb9026b10299b23f58515b
b559f4ac3b1a837b50bec9538ccde22158710e9a	cb59cedd9844802d9c86049ec1b010eaa84f2e6f
b562448c903884eb40cc5763197dd2591980a58d	480ed69e66b728d54c843b27412cb8893aebf9f0
b574717ead9f4a480691d4251436a2e66733c07e	7aa3348e5caa23d3e1f9a867878117569f35350f
b58e3d80fa955dbe292b63cc5f8d4bfab34f4861	38bc6620cec3ed4146b3a70b89a709c59dc7203b
b5fe98eaf6514cfc81748811d84c4a31ee68e68f	35735520731091d00b9e6806af176b5748a318f8
b6bff9e7620e0e184968a26f115c237482fefe11	b3a92ba3b44da093e40f5862fbedc2929e04798b
b6cf72c5351bdb8b6c48eb7d5abfbf1e3918a48d	5bd55251b99f497101019b8cfabfa7d6503272e2
b6ee91eb0cb7129fbfdef6239ef5ed00e9a67f23	b6a0a0f6aaee7be89baeae6c2fb9fd6edf02a114
b7251af87eb1aaed1cac344fa7893dfa8deec324	c06f872ebd00c6fb873aedc93a9ac513a0e4488d
b74bdf03f2326db83f0c31340e5619ca69ab79ab	3bb49f622f4dfbaf5cdc82fd7a4be6b164faa3b8
b78808f75d647b99d97cb209057ddcdfcb628f3c	b723040acf4331208c8b5d5eaf78bd8c0e579c6a
b7a41d1dff854a2961199d59ba875eab983642c5	4f306c74087706727e5f9125b682075109d55a3b
b7a663c3e9f372a23c41be9432469c9080473ca1	5fca9a259420c39e2b8d11f79b54063bc0cc211f
b848d947f9eae037da4fd2ce1606e1cc86111239	d432568fc78b4d8d90af6187b4a55944007f4472
b84d908a657e3baa9c959b46672391d3c6fe5ee9	8ef92cec92dd102aa5298ed40530fb96040ba5ac
b89eed0dd86957fe71b293357a1dad7a5b46bda3	b0576faf620186328f0cddb00a4dd2733b2cad57
b8c44a55e368088b113d524f8bd95440d1335ca9	228e6b5e6164eb485b05f2b51fa3228cc7cba286
b8fc42bc8e57d41eb473d9b2291d324fe8afa735	b65202766357f42282896207c183aff73756fd32
b915739cfefaf0124ddf0f0c9c7af2daa7a088f6	832c6b000b183d58c81f43fc88c2b14fdd3c1ea5
b9321abd5f9c6f267597cd885e38f59be5dbfbec	127b574b9a88aa76fdc83be1728ab7475b16f4e5
b9416aa2b4f14768400c6c388d461d1387371039	2561a49933a37615221032399641ffb5935cb235
b94dd36d7cb5ba49d1d3a6f0ee51d0280c21f740	53eb68c17e3510e64218e078b6760443bab1784c
b96199fd12176285811c89af3e05be5947d52325	91c1b00f1a882c2e713dbcc6eed52e801b5205aa
b9a8f24301a922aac7843f9a6b221edbf13bbd03	40a6732ac22309c2b26c29c7d2ed4bf7b19f8782
b9cdb1ad9906d56837dbed2a35ae256568dcb440	7f4d17f1cdf9ce5e791372126dbbbe267b2d57fa
ba030196f559c21dc47029d9aa1150555f8971f4	938d88fc8961f8325040bfb11fd3a85dd9a7dc25
ba1254ca3de171ca486f7d22b44981125df4e068	6305b8e8d5a036a0c640acb4647fdbdc4bfb501d
ba3d393c7e5d097e3763477525ce982208a2edd4	6b1e97d13d0496f733e3bbd1b8f28b935364acd4
bacd9e6e69d58de6aebde4847e6afd6101b2ca72	80d93ec0097ab8c17fb1707625b31905ad7b8890
baf17207f213ab5541841c26b7a6fcc46e6fbb62	e1635a601ec30d5707ebee5969e4c9740867b0d4
bb33e72ca127477a48218ce59fdf66f23b3f3720	0a2b5beceb7b595441723d8bf210a4dd0a9908ef
bb48c2072cc30e40d88f3eb7db029d92e5e514ca	9b03c0182e3b368fb55b5e10fd528548f7a8ccdf
bb99ad6376aee149a65662e8fc5561729bdc8c75	e07983f8561cc8d8edf0609b6048b580f6332f9e
bbb729b5c672194490989040b235d164aab6f350	35554f652f8a9f4e23c176adc1816e315954db59
bc037f1a110ed597e1bc2c7bd9177ea0ae72c201	0b9ea930e232b1a7f21400c93bc95647f0edf004
bc3f622c827845e6805f0e67f0e336b4d52e7c69	60f58655e8e95964fac704615b788281ecbf5168
bc4f247720890f437264fefdb3514a4512faef26	69d10ede8b887823d44e47b15f3b0afe0e23d7b5
bc5f587090e7653d9b5b294fc2e7f635caaad8d6	2c9ef844912f467c9d966d5368663f80e140e633
bc857674e50472390213a06b4b6cb8ba3e6cfc12	dc58dacdd12cfe3637fd7e1d3302f841a4d3b76f
bc9fea10ddc91897f5c2b4a3bc283e5102743d1f	34eac95c151b91eab01d079c194d9c3f3259f737
bcaa3b3eb9dc4ffd3d0cf659d80b5f991cfe3f29	6d34025290072a4cf717adb363427b5dacd856cf
bcc26db6f4fcc14a5b9f4fd98d940084d84ea333	ca299e3258e13fd4ad640a764c026f1c8b682994
bce1066e7cd8c5c400ece963425bffdf47606a75	345470261f35737110872d1136be08b040c6d3cf
bcec909a2455f822c83a0cf1215346a4acb24a3e	2ccfee72f949ab4f85aa13ef03d5656b4117591a
bd37f16ddaab304bc81ea1059e14502dd0e13a75	f5b28d36af2ea48e3d7375c3670a63d5ebf851a9
bda11d466b60382255d8071ebaac417cff4cc4b5	3ee2e3649344c43d839574b6f4fe86e5d9d8ab68
bdf072b8abf1f8f20184e138e243f8981e843500	6c72ad0e53f1ef1b5f6dc531095522bb8c997a3d
be00534cbf7d39f64e812f1c67f90a9548982b48	ae080d82004cc3568af26fc8715d5be6f639789b
be0b182cd72ca617bf6d1c2bb358116590e2988d	fa4f25099aebad98e02ed58659c8a12f0931a504
be19e9bc63110ebb98828f3fb4596de946104842	52aa19335188848e73c0e3a08f6b464901137509
be39ec91326aa84c2581df333935c0aed331abe6	2cd3124a962cd34aa9b71042fc35da1079625c58
be5d7f68c89a625fdc32633a576dafa1b6b48191	7fbbb47aebfddbcea6fcd968fea24c765a0e7629
be71e0a2f08219e53d1361df0319d88d8edc728d	6b81a7836928be17ae0a5fd33373ccaad7b0aa4d
be7dd79bb1459f3cc3ce247cf06584c493387b2f	27a03e292f409e31ff88c4ea0851f9ae60d9f5dc
be839c58960171bd8ce4e8da132af41c75530711	41cbe872714a6e4c0a4317b79f8832e8d63c0e34
beec9e6fa03fad3da1c2c4356fa9a4895bfc46cc	dbae8312f30f06bab9c26c318bdae4a5cd4c6a70
bf018ddda58e48b6ff00abbc9f6b6e825b8d791a	971f5551e5ab1704fb1af5769f458ad2d5960977
bf2297e05219deca7cac7e59279577bc2211dfc6	7286019c8d3638ae584e308510a240306a025d22
bf86d5309a86443e89480e713a77fb9c997b3be2	053223b1be1e7a68d5f72828c811eeece4852e18
c0811b5118906358fc58c6aa87232f946f54137f	23c4ffe7b43d5bfc50dffb517cd92c998b5afcec
c0947aab74dbf4ae6e7525e9dc1f9a102aaaabd9	43bdad4856d78f2f625e23fe1d9a968ab53d44db
c15fed857dbf120bfe2940dd72a046f7c1bb107c	a3ae272555b86207512a1e9ac2e2b773c5f570f0
c20c5e422ff479d43194638c03027f26d999eeb9	986747ebe08933865854e476ee4ab7a944f91e83
c2110bd058ff939d1866275d1a8a3ca780652d81	8cbb6dc319f13926b22fcac58dc23100baa70dc2
c253a7ecc52dc217726362ceb083527bb3ce8f54	06d81c0ae459ea398f001eeb2bc2faf46ac64e89
c264f5dd223c6420afa597b6cfac7a990e464f28	84c75a91af0a89d549cb2b8fd3e26ef80df30cd1
c2717945aa2af9f5ee79397073c3911086947cd8	652e41ab350a333d74e00ab314a1197a7dc676f0
c27a0baa94659cf810b1a94c06f39bf914694b67	f54175db4033cdf1746578ae4f155721d6ac338c
c2d675d9d41df89ff975be55669becb9b5957ec7	3d5309720f1c851f001db871911263b73b5b60c1
c2dd8d132ae7299020be4bd090d90f892256d791	93379bc7d4a80b970082c440a4ae268ba8cdbb51
c39f835e573ebc636f4c4ac505c0cb4c375397d7	fc8767b510f2f70cace399a4ff66ecd9046fe8c1
c42c8c139cd70dc2a595f8d030c6475d7f4bb980	7d1f11206fbbafed350cfcddca46f7810c8b0dfd
c471054b8d7489818495f2faf1e8ded093180d16	3746225c4964b3607388de41f1237fe5425706fe
c496e24ee9f071c48dae8f29044b9d1afeb7330f	69aa0d295e69af8d2b4beaeed91114ad16d93e0f
c4b27e099c0ef5d7532f462e48911330b048eb21	a229a7b15124466c40c05348b475c0465975584d
c4b651441b4c12958822721a9ddb218098673735	a292a6b87676ffd880c553079c0816420becfbc2
c4b66ebc8202969d7fc435fb88b3da55df57e8aa	efb737bc3c78e7084719379ceeb895a2505c40f2
c4d7425534fb24a8e7c6b99032e9d5d213019d87	55481bf3adbb28edb5a08ecc73037e096c5689d3
c4d7b70968dbb8cb3ea7ff3636560274b9fdb950	4f78aff3f41ad85f47af49e6cc27d711ee4a3450
c583a09b7745d3a3c7b966a5f8a27844c68b2118	15abe094646a31011988850051043e03ac61dee7
c58d982b837cdfded0fe0f2af70192aff9e68762	28907b5b826d1bca1f9e8b495829ac4ace139fc0
c59e483ba142332673593987ec486a8de85900d0	cd4d9b24987ec2b4a471969b489620882d81a9d3
c59f91284089275d7451d878be470291d565410a	c1b0af3b68b4814477413565f9a3a87ce422aa30
c67c2a337da1b7613154270708fe6081a44521ba	be48c30e14fd5cffdb8d85fdeff1cf66c90d72a6
c68433d1b4835a6159241a425e7b76b657e2865d	f11ab055cecb1b1da707093436b35437935eba15
c6c9a8fca089231a02172451fa1a1d033d1a91d0	a3770518b8047cd7dbb315600e61fb0c3a3a908c
c6e81d3528f6b28246391c4bbd6d809079b8811e	2ecdd076ace496cf2e818eb07f2c6936052f7334
c714f49527b2273c516d8a8849c54ea671e1c6ff	e44c6c26acaf221f2fcb59140705cd9bb83e1b98
c735f415c863a269e0f28be79543f8e309bf230c	1a7178b03c8f4a03fea01c8ff71641ee13c20d1c
c7670a9d5fdf9abd0718ffcfdf5b1e2988770abe	08db2abe6a35c37fe92ef8abad61243785a73870
c773a94dce21f28d5d149fe3e984d4508292d793	acdb2d5196ebaf9ee30b33c51ab824ffa1a492db
c78c725d62bcbf89711c511bad359e2ec9d7db7a	4a906116b5d4b8225d615fa9e0f830bbb6b720b4
c7a1a7c5f20c4b82b4f051784ada94f1f382f439	b8e0b13f50b819d78be9bd999b0dcb4956821f79
c7dd27a660bc3399dfcb7b83ffdfdd8b03a870bd	ce4fb842c79f11fb0c5ec5c23057ef7ab88ecc74
c80dc3d50ea52b5428600ebc5c98de029b85a0f8	c99481cda93af29a7db2c5ccecf8e6160ab83467
c87bb65b3ea0deb82ef8bb43758624e5844f8b38	7701ff46a9ff1e74e4170b4525ca1dad98da3d5e
c8d5a337694719f6fcd9beea9e25ea628a0c4e26	ba58c75042005b3b08d0aae132133de155c8dfe6
c8f452ce51f37d5b3625ce8c09b23434a5e29494	9f96068f16f1cae2ac7a62288c16adffe3231c7f
c93e1c0125cf3b81f58891502bbab68e5d622ff6	a0ce4a562e60eb54247318bc063fe4450d7d6117
c9b33c8b848da30417e2771c2730d927d81f380d	ed8e848ed3db24ba7f7a7376de7e416c71e13008
c9f2524f893faa06d1c893eda478eb7bb3b17487	eedeb2a65cf6aca3443f7128b884b4ee33c00b46
ca42d578b6d677d57d47b116a810bc49e0983d8a	632da7212d6430b7e3a4b5596d780b004418b400
ca9274fd35b0a585ecaa02832435b910903357de	edb63e1b85bee7575a6759314c1d21051c9497e0
cab33e95d3f9ab981cad656ecb05177621bf45a8	a7c958116ec0ecb8fc38b3a7a070a631da58aa66
cb204d4b703b5c0e432dd4b8be7cb1a5bfb53416	741fbff6aef133c47e457408154a2dea34147ab7
cb3b6d727f0e053169f453195057efb03b20080d	e7e076786b02569f9b4e64e1048b923cace7efcd
cb601480fff0346a57a8e961be26051eec27c95d	38854d063909df76ca466aa527bb07c91486a022
cb8498700ee472210f763c1417d41b8217344312	bf85864a2a9e459c844f35138ae6894aca0caf52
cb873e1a07a57e3973e71525bf275dc813e43818	b70694f397deed92a587c97fd33bd4c849d0d6d0
cbc6794a4c49711d78ff062540b6e9f29a1779ca	8db8805ed23fee31f7d29a3b853cae1b850a60ea
cbc73362501ad2dca30dbb8ec92ce937e9f33ad3	ff4475542ba8da8df235977a6646bd398b19cbe3
cbd2e5cb1ef97b77621b97628d8291300a367964	4dc8a8fab7dd8198951d08dadcee97d2f099d01d
cbdf6f88a7711a9ac54d89670ac548eba25add9e	5810c19a157fdcde5dc417ab81e45a0601d55f4d
cc4a3cea3b7d6bdf78296df81dd777ba35624c55	45619133109f1671320d4eb3e0a6c9539fc48fc0
cc7ef20bbb35deb9f27e67503f678bc7177b98b3	9517c12e93d2e59419dcff0b0296755644a52d83
cc80dd5242d8740951a0dd79dd87ff2d6d3de60e	a660ce39e0e74dac682af4bcec9e5cca17f5b20d
cc9a9e4e6b04afd841f0521a4c53a5fe02fe3997	5c3636fb9131de1b64c4f4b74171ee370ca01bbc
ccd6b3de7a2d1d84f1e33e0f4c7c143aee38a805	2432481d445cf9ce890928ebfcee1e367d391ec3
cd594d2dc0ad734c7ab7a0a0dec81f8e237cf9dd	188b1dc7535a40bc717538f105d456dd217577ce
ce2941a726a541f91fa04f21b1a8570d02960bef	7201d1539b08a4827f86d9089df8328d47159ce5
ce44a8724229f316f459c6899c9c288770730da0	217b8bf12414d322a1845ecd4b444b01d586d176
ce6b1f73dfdcc2b54b727af3bc9c1712ad45a0d8	b33565a0915a7df447aa5c269b433032f536e24b
ce6ed75aae4a1b54ec331fc4b96c83d7605ddf47	42817bfb9c67b9c69510457ac0e1b804cb5132b7
ce9627c7e9de861b9194bd85184db6860a0fbcc2	a7d953a32566ef4c61a8628f9b8a000f89476074
cece794835b0062be3080a8b01b0b48c051424fa	4c22541b857fccac27553e74c441b9f939c81bfb
cedca42f62a90640dc83f976a40630de2a913fb5	2a7c052407c58088c5254ed12bff553040aaa9af
cef2186063cf6f18b08283818518b6e966a94163	a06be6e539c91d69b34d6bb134915e6d2d6d8bb9
cf22460eaf8a5c2987e9ec46dbcf75bb415ea85e	68a8ad719b29e766cb6f9491879373d72a5ead70
cf4240ca9de0af54a15a3e7d7317c4c764869d7d	3a617778c6726037745e6bc9595dccefaf79316f
cf75268c4e17b60211199ace69878e6c62f4cafd	fe576a5f658eec09ce2b39c5ee44a50db969f5a9
cf8b762650e54902c78ae1197799f664dd1db837	efa4a874627f397fa7a09a2e13de8a9c583cbffa
cfbdd7ad7da24cca86638ed641d4eca218de22c5	702084986bd26ab51ebd256e157dfa2c30d889f3
cfe9f40a4ff421a0441c612315b3ee0ed93469a2	0451739e44ae6e61628f6d55a9316f6e881a499b
d037a75ef5c4aac4790a70ae49c90aac71b3ab50	f9d16f0aa9172c07ff73c28233b53f46dbb94d32
d06e3bf0888748ea618db16cfc84c3902ca7ea49	aaf60043a622ada442a6fb348f1885f448a05880
d07f51473ce45a181d83f62c494e4facd10caf3c	dd7e77d13252f85872ed902cf8b06d71a13994a2
d0edcf8bb055dd5a62ef3aab9a6a61829ca0c0f2	b7df103f8fc71c88b505bb3206bd53580a0a2a6e
d0ff5863b0fa53ef3c7b84c46471d701b1752f89	ab91ed395ad5976aaa7ffa059293404682113843
d13b61cd2c1afbf76d520f6e52889617fd3b9bd7	c4e542f09c43aefaa74bfe95108b36e7d2022ad9
d14905c7e3483d7cf480c4c85501dbcfa250aa2f	8b7f1a8f0041ef321b1425c91ac456d941f571ab
d16706253bb69392fbf479b3f81c2168dd659ae2	67e60caddc6c2caf024750797c87e0fe9d5b36c4
d17ea2fcd02984382674d1a6ea944b373e2111c4	00276a7f92899614e810d07f83db54176954507b
d1fc0bec94697d1d0646c47065926ae66668208a	207499aea4069a008d3b3c61dab7b127e7f21519
d20338749ce6db77e57bd988b1b24c26cfefc2a7	84095efe3d3f124148021b84596c55e0d46396b9
d2acd662ffae590089c6a467b7ada71aefd775ae	a34a25d93611281df551d53e14d0f52bbf00a6e5
d30136e8e351e311fb9b72db7b3d1a3222b1c6e5	32d9531baf32759c901c163fc66b9884fdf396a4
d332beca27e0397121c026cf042fab47f108abe4	64f944437b24fb1a3064e175baa5891472cb3bab
d3430ed0015efebfe05973e46909271c683952e0	a6bcb4c40814194b103313698ed9d3997dbdd757
d4a36e96da492e37d95af26feff3c24bc07422f2	f61de0a38cdde5593cc3361c63eabbe28a92b1c7
d56a4aa6e0a92278d9de3f82c24a5c4a135c34de	b2024ea12f04abee4ddd7dd8ada1fd3da40bc405
d57057884524bffedf0adde2416d7a5ccb70137f	9bbc56fb17e7858bf45452e2d5e47f83b77ea85d
d58399e27cf7e39ad5ff5dc0a0d57f5398d67e32	05813e1e0615ec83f2fbac17dcedf689722d597c
d5fa16a36a31ac9914b4bb236520ce54562a07f1	3edd82041c1a1c2333843f977e12297dc2142ddd
d6114b83091a6193330ddf0cb5fcdd1fd9d9c4e6	1f35c1735e957042bf844f7585e565a7e0469f51
d642d7e0537379eac421a6d882d12284df302b3e	44472c7dc092a1354e1cda7dcddac7938474b656
d643788cba4ee526249c8797de217d4a074a52ad	70dbfb62cf9f3d57a3c08f1f6d28eeb341d237ea
d6bec13266d3df46ff96cdf0c0b0221ab65c957b	914da8105900521f29c61f5ffe54e9f2c279df71
d6eeb8c3205b18e95a27ff4328a2a0b58ea81246	825f813557dfcce0d7a96f35d2b7cf60e8f9c609
d739fa0824b2ff27081db908b8ac2591524d465b	3394295ce7752c5dfbee7ba97cca470a1b2d4dae
d787b184843eb554b686b878f959e03efe271da5	0099e986aad006b40597e3c43f73cf73b64631c1
d7ba2a434ce483ec9281d5b4f584e1d686ca613e	f596bb9095913039a0d43a6af37a830e7f7333f8
d7c1b22d870c82ea2023c39a0529132c0367e8ac	fac73e8c87384f95e4c3d0353f7f53e35f9e648f
d7cb495547c45c2f61a6812b89f1b28b47022492	0b10bc157f16121e8ad09449cf4bf9d0958691a3
d7e88b98ea089fc76ce39c3591114e3bcb105bd1	819cef71ec29d8f56d508fc75330d76c0773b24d
d8338d04afb3ed61df8619f333db508d3bb28d45	2459d63534b2cdb775509440f19bc4d478c45d04
d855081e51c74a37ab77efd9d58db93225d9b503	f9c29d78ef27a2bfc0acdfa7ac5a37b2dd14fa68
d8b95f38386d6d17b781f21a4cc35fa227e654dd	9f839635835b4cd3fbcce87c6ba91a99cff3953d
d8e496e8464a01d6a3eae49a00ef54333b4fb1c2	73d7a9d1432b892e53f2af6951d37ed49df631ab
d9244822d5f6df76c82189c02a0f24a082882ab8	74117916a612e1846ac0559cb5899553628c0db5
d964c92ce6e53d88ad57e87f1300f401a92a70e3	1fbfef98760d6c4de7fcbb3e47579840417a02c0
d9baa6c01fb759322f7940d2235a430ade295c32	4d5fcbbc16e4bf3aea6cec431f12cc0e6fcecb1b
db08d52c9622981175937907f3ffd962fe17be76	00fcefcb90e7d328b146032668e435ed41455167
db6897d2f189734e2ffc2f261260babbfa732e29	feb845fa67b3ceae74181212b3241ac99f397f7d
db9e8e4792ce5bc95d89c53f87cdc73a0576d45b	1cb222586e998ebd5e57e6786fe21938fb49a3af
dc3219506029fac6dc869af47cdb7a7f06f85e0e	71423c181466938ad4039c7ab7ae8ae51dc3ac1f
dc6e33b170c3c363b6f0dcd293579965dd4ede6c	8c811e6d60aff82a2e194e2d17cb6f5d30a7a7bb
dcc3cf379f7f462e1bdc7a1fee24511a85d8dc7a	20d2b2796127e96d4de1d3bc093606fe29134924
dcc784ac17d17ddd305b486645f150a797353efb	b8dead7af0f56a1b897723c5c74ec6ea9dbfeced
dd0cf6e7fbf615d05e03d9035f5b6ce957827885	750c477a80907e760aacb9b59ae209f947f50074
dd4172f4cafcc2267853ec23a3cfb8c448ddf6ad	cd225d1e6f3101f5f22278eef97907805ddbef0c
dda2eed4ed77932ee831138b5e3c7f460cd9b039	6b7c7dcb0f39e4614013491951fd706e6b46b217
ddf8ef984a0b9a7cb90a7407ebc8e6043d5f2af9	a9c9f804e74cb74eed8befd0b72b55192926f5c8
de6ad51984aeaef04587a4af67416cc988ae1da6	9134f2c4cd2bf0a49b8a3ab1be5d3cac09624b31
dedeb7777186fcac0e6118b6e158f707224b5123	cb939263618187ec03a2abdb9790d4b895cd75ab
df909223d73ef9b473aa994b159ddacd4fa9c5e0	a964b88b48d38ce970cf855e624f58314cb9fc2e
dfdfa54718aa20eae3e4b5b2985c95f48a7047ca	34345d15a1921df91d117c672ddbd786cde7059f
dfec55827192acf36efc6ae8d22a164cc9e621c8	8842ef3f88cdfd12c5cb3b8b4bf9b58d6da405f6
e0023023e4950027ba89b82566ccb2b254f6c332	36f1b0b583c4a213277f679718f7c63274ac84b9
e07efaf257eb65c60a1d873337da3c75509a181b	450601dcf8beb42a54359b172a2641eb9cad1de0
e0c44fd0afd0757a40cddd27b0d609254359c9da	0671349c59bc1dc974cf2e391e4660b7478ab31a
e0da103d3978190a56f79ac1f325b3fbb6977032	0bbde962b3246067882d9f721f21e457eaffeb62
e0e79d5ca3e50da5840e246ab65838a60c6ba8c0	00184b16a558d5e616300ee20a64b293cbf3a89a
e133e09b85534ff3350fce982ee1aa2ad57ebb9e	321917d1c7418f3565e7c329d50b5ae324660044
e152cd17ad6b56655003a8190003d3db4dc86986	7b2facc6f459145e9ab92eddfdb10c6cbcdf5727
e193235e55036c084e8d82b32cd1faef6f4a49ca	29f2f51222209eb8dec1caeb1ce87f1ff9558a38
e1939f978d8ff38c4e2c931abad5e01f1a9c12fb	38777271ef4faeecc87732ce09970afb62a7a6ff
e1ad6493a783f3378105769229951e91c80ee646	28c9950d0a1587580b97c5144b3f166433a94d30
e1b06da5de46c6bd6badeac59704f8ff0596446b	da188c4cbd232d6f2d95b0348c17e0a362dda4bb
e1b75e33d495d5ef5d05fe010deb15b35b4c7c6a	9feadc054af1fd4561100e21084f92385a1b41bc
e1bd6bedef98ceac6a90eaad1a22e42998428afc	7a51ed5a5e6a47fbe17e11f6369de87ad1f65a3a
e1ca9aa43c5d6b84091d0f082962e040c04e0a13	4d3bb78280c3806691993d77d0ba1c90dcb5dc40
e208d1485ce3c075c3832ee0a6b3bd48c26549dc	3d37ca7310a12ba291aa61451b2195ae4186b45a
e289b4c6b3517a97a52bb508c438b30f89a8f0d5	0d4d43fa6064076328c59aaf5452ffec35f36fe0
e29a4102c6fafd6f0bb31819b66da5213f25dbd3	73b4c3405916a0dc5cf70f78e34fba6d1aa9a7c1
e2f5e34714cad292963b6bb9e8b8fb11a09ad12d	733fcae83210255139c489e3616e0b0fd5c61184
e324e3063bff98ab75c883c65f9d58b9e8f4788d	4912c3a1ec70936a26c6585679f4be8c9c658b39
e326f8a7895a4e733c8cd3817992fca9969e26bf	dcc5b62349cea6086331743a04827d7bb269bf0b
e37294c3ff3be18d66f6fcd099ce3170d998564d	08becb8ed2551760345f06953af899849fb34873
e3bdab400bc28cb431f6e29da047eacc86f56267	5b276113dfbe267f80f126da3f9df1948ebe7e4e
e413891a69c9d1ad619cc80e08c33a1006210722	c07d6710a19606e1ee57a7af2155e620a4ef59b9
e541cf767dec40bf9d54fd84939570e55e5ee0a4	c5b2b10d5e34b0a93a078294fefc00b6b97f3610
e5ca9034d6d4a7c202168759f27200b0e806d618	d7ab5131da1279ff1170fc90350283cb0c1525b7
e5cee96e1e3b2780f37107a42a8658411384ccb6	8103d3f523ff0381b093719ddb1a8ec3cb2c5bea
e5f55840a12dcfb1a50935c6080f06306a8854a8	54dba66d09c29c8fd715c4fc0e0da3a24483a502
e5fabaa0ea43150395dc4135fbfa2c83ec97bdb9	ffd28207ccde4833d05498023a91a9c0b54a875e
e676ed793657490720d5f04521b7b04222b01928	a5202dc47af64349c12405ed9b2a2784859baea8
e680f91cc575cc4409d0db28aa91f33fd8e8b8c6	6939d0d34c01d0c38519964935576537d49be5ed
e68b51888d42fc0ca584e97be8b522d4e5fdd3b4	17656eb21f5cd72b9e33448b57940da82ed8b8e7
e6996b44d1225ba49f0abd3f9081454e13e85715	3ef9b11e33c4cd12bf53cd0d9ede41bceeb3dbec
e6cbae7259e68235bb5ed0e25028bacefa5ef4be	969f58a51c9bd600f285e74d09f344d6352ba877
e6fb76fc558c6909b711277f39119920b1172a2b	27feb8ce65ae7ed58a60c6251eac4d3ddf403ffb
e7354c8f24b4ff4f0e7f7daa7511e2d1bbb30214	8df8878a1b1f83e449620f01f24f53a31851de09
e80407e097f17aecc8e14cebd80ca08c695834cd	979ef92b096d8e7bff615d25e07b190742bfe41b
e83aef745321a1fe50a5b5b61a36e2c3acdb4c44	50e585d00df44e78803c90554c1a2eaaefcd7ed9
e83d8d8aab9e17bfd1744721c1524a54ccd2087d	501d38ae8bef39c42c1d3e897e43a180edee1295
e840d4ed0b214556edd2e17c42c2f47f314ee998	4630e972c114349069de99ccc63925dbb7f39a58
e88cf6b987bb3ce6d509e262a9b01ee014274d7d	e018c844524966f5731691ad06bd006a0499be3e
e8e83eed3ea7a7999fba28e4537cc862bc12ce68	7dd0879e214610faa8ce429bb34bd05ebf68b473
e8f531071f82a6f2faff665ada948a574a03a3b8	e4dd94de09c97837ba8b1a62167bd368ee883837
e901afcf74a0ad43ff4929cc6b86d396449b60c6	189243ff5e6ad6c5949f611b371cbbadf9afd5e0
e91ce02e7611de19013e75d2191dac19725fcc55	01bda9f09462e354a0b3f120c59a81eadf36408f
e9254e12f634ac45903aea281336a8865763c862	a4dbc910d2c52cb4f383d99310b99e570a365ec0
e9374195380a5eea7e94123dc0404727ebeafe18	9932c62e03a52cbb40d428a972d0bff6d4d19384
e961d0ec554d52cac0531a155d281a7e51cb54a1	498125c948d9ad9fd848c7d7bf1482afa6a00497
e98c569a5440e010e1fd1b3ade9357dd961fcc51	e14b91bfe750891df4a073d2c7d0cff97ef87428
e9adaf92820842986dcf04372d61a156efed5b7e	acec1c2d1153de422e775870e864ac248831582a
e9cf58a9e97db93d8f2627b52a59e2d58808db4b	5b00deb665f31ae515917d37e7102625449fb33d
e9e10bb0d6e9cf64b85fd21e4e207902509b4431	57cdf09eadc561dfc1e836ded456c3e1f6c36b55
ea286622fc67dcb56f34c6fb0be86202912810f9	b28b80dc7a8e38dd29b8e1a60ce641ba4c405f78
eaa9763c646632eac576aae3928e72ab7669e593	a4146b0aec02a5c97013d2d8b78f9b3960ec70dc
eac72cf3f3ad9ea3c78da9ba6c796cd7ed45eccc	57dc6efb93c702e5fda2432ddf1d298f3f8544e2
eb13fd27a92ba6d830816528d1d6ca38179f9c43	0de65e514738d98db8490e09d235cfad1655c8cd
eb29369f8233d8995e957af0396f42890112e65c	b4994f85591bb13471a3f7430834f0037ebf1fa4
eb5228ac4d1069a3aaada7ea69bee83e6de43d5c	323dddcefdff3875ed5352e884d0423fa8ac3c7d
eb9dee784e4c47f932289119c6d43f415c8bb626	df598d97de019d9cdec35dc30eb9eb8ec9fea68c
eba506ba5bad04525f449a36dd10268bd4cf159a	64a2794e57821ac918a58df7274aaf21d59c7635
ebad86492ccdf3c469e3a5dafbc4ea9aa46ccb45	9b6cd96b28f42b0d94326b436f59e9721c18780c
ebb3a1390d1539170b74b3f91daeed59fc6a871d	efe9950065d5190f1857d27ef186d22615913d06
ebd4b06b88048e88699143db1e256af03cf08197	fe980fee22c9b484f3d028e2bd3f81c63bbfa411
ec2cac5c5234db110419cea3e2f9d5e0d07682b0	e8018351ffffee1eb514e2bde32df6bb820417f8
ec9a11d86ac86c0b27f038f4d79dcad0245006ae	921c2cb329ad0e3600b04b9f72ce9ff17cc89b22
ecacc497ee0d981ec71aeb049d6308a6db32fa7c	daf52220de7d80e200e465ef9a81688b46f6f2a0
ecedaaac9c0016fdf768ac059e25d750d06b3fb6	d38ec34c9a525dc4b6a960a90bc4da04254bbed4
ecf85fd74dad787b4b18e01b92448cbc94fdc180	3f202f5dd600d65e7c24192e21d7dbb0b72facac
ed07a21818692a6ac1932860475d2a44704844b8	7fefa4e303e6903eb4082e47b0a1a672d8058225
ed5e009613f6a4a911cd6aaa82e05c34d94eb569	12737546f3cc0d733c65acf728972bb449caddf0
ed5e3b65a929efedc535393b02013b9d9d93ad73	9018db2381c5f5865adf0f974383bb8e300b55f0
ed6f50681f61c78ba39a1d06ff9e4c3bdd852d1a	ce1bf01a35dac817a952960620d0679ea09fd2ce
ed7cbd57506f3c7a89df4d4b3324e8ce95c7bd37	75bee9f5a7dc358bf8b797cb4767b720e02d1cf2
ed8de5f9b67162534e4e16264bdcc6026c34171f	0004f16a684b22c013f11dfb2066dcf26f648a46
edbc66bbdc128a21a2a73b0323448889e657750a	97461718d10894cfc4561491281e0053c82b86bc
eddb31bcb525d278194e7fc81d6eb3f1f847e2ea	b748e7308117806564e2fae2679d6215bf28bb8c
ede1a6ee36b207f44afc3212448b262c4a2d6982	b30645af8ce5d8a7507f6316c5ca819dcffba203
edf2109100c9bd29aa76e211403c93a3ee7befdd	f6c941b73c6f608a432526a4b6ab16b02f7fd4aa
ee0636ab9d65046b5f97ec425790a294e8117149	f4b61c5268f6cc86d4deabfb7682b19823f36ff3
ee57fc0772cb23d5160a38061b0b503253c146ca	f1fdb1085014cc173ed6acbbccdd974f528e8df2
ee63ba6a94d39c791d7797f16d421522e4c66098	5c0a671d2829beb668c9567d25935b40fe2604f2
ee6fb0258396e95464007c52bdd6af4f0c0565e0	f8b0ef821be30527cad79acc628ff8f8e7199adf
ef4629b055351ad2165aae2f419f835f7cc85418	7838ce3bd176a28ff12fbd72e2701bee02220077
ef5cf9fd4ffe8be9bbe2ae767e7b8888f974af6f	3e76b47cb38591b419592b184871a5c1460ec646
ef9cd22b311b10e2272b699b2ad21cc1eb61913f	f8f510f17be14a7e2977380722582210ccf6fd89
efc6acd8a75d913736ef4323903098694f8feb9b	edc857bc79af1db3d5527ab4f4ea0b03766bc6a9
efcdbb74a463eec96050eec047d9653a59975ef3	fffe768d2c364019a541af97cb499abc16d91990
f060e3f64d92a493e01b74d1647b5c9d8c55d7a7	46f0cc7637e15257463e814d8cf29d56d29cb99f
f088f40ebde9b99cfa4cbf5a93f9daa3500e9a59	52ecd2f56230b8beb8612bbfd7a083bd9c56c446
f12ea680d52f03d23d1e7ca6213f2de8bdd83513	f5a11f1336de5dcead3dbd7e7f6526a03228fd66
f1749b1de259dd891980f4aaf8f91f4f25a3ae0b	e7ac0a39024ee6c13c5318214dbc2417428ee1e4
f1d9a700ca9de41933958922cd8d0642df88b510	9bd2f2e08e8d6c106b4eeeea4248c9f86a20c4da
f1e9b3fbcfe45538a25655c6849f3c8433f72035	627086d744fe9ac5215d84559d37db0b80b28e84
f1ed0f72c3b3a74062b5a421d47a4f9cb84232ae	175272ddaa350308aa07864ac94855404acfe880
f2129211e4b81bc3ef4ecb23684e9a5619e98779	bc08b006dbe0067dcde05e4d9bad4672fe2f86fa
f226a7e0c56cef724be547cf752dd84e8b72dece	1f71cfaa55dd149de752a89922732fcbd6e63d59
f2286e87158ac0e6265a20bedc0be458cd676f6e	362faf3366f10582a98ed3eab7e8eedb4d750626
f27c86ab956771ce31dbc26f148715ec3dfb003a	9ddbd90c7d01c89c4fee4173d5dda512c76a705b
f2b07c4d307d9a5f564931208a177a7fcc014d7c	ba204fc6ca46e23b5569578f66265d1433e4c4e5
f2ef5ae670e3a6bd177d90154b7c75374b183a12	bda1a4b5041581fe89b80bebf20cfdd731981148
f46e209af640ee330883b276f1e1f19b03e8b4ff	c47fe226803c23568899ebb09150895798808106
f47159afef9537524c7891e75f2ff85080b1097b	a64cd24326af6107ad612d1ab36a06bc123485f7
f4aabe05c83b0c181e3dca9e5085caf7bd178e74	ca8e743f86d36f5f427207c057eceadd32df342e
f4ae767737fb659753a018aff323582e7ebc186a	a4fa68105a20380a5ad862243d3c230fca02ffc6
f52d63b3ae567d25736d04487383745253bda9a5	8cf0f2a269afa4e7b008326e2cf41835d61df011
f5914a5959d6f58619f8549cecc67853caa1730b	6ca27a0528f34a443b2ffc861019277c7d86d4ec
f5be3d08b43bb4be26116354122c20701a7f55ab	8e513886e03313a1d7f78b94d3319fa5f6f1e618
f60ffd3d90c8ed033cb22c54a7a41cc7b21762c9	63a5998cf6bc29b76d07f9b06534a352a751c83d
f62ce9706773cbbbb96b5b59f12297b333394c36	a3024302160f94e50fef30d1ff3319717a38c78b
f6de10941e59efc7eacb8c5390aed6fcf0aedf1f	058cfc8a088bb6baa885dcfb7acbfc5b4f5b4fac
f731fd20ce24151ee7d93ee37b2546a852d4cd0e	81f1e36e2b1ba1ba79dbbb7dfd4cbb6464bf082b
f751f863ddf0b4210b99213284ffad079f754575	b2f77ada76ea035309a396117d9103cbc90c47b1
f7c9d45266c9cabe1e00ebdfa3d341742ebe90e9	4e92fc2e29554c047952b82b0754932e5badd3a3
f7f4de87725bb6455a7a8dffeff9b9d3f968de5c	cc2cb62fe24218d79defd3649e931340da3ed0d5
f83a45649c9f0b23fdf0ec6e32224d6def308880	33acc81a24702538620d49a0161763a4cb52a840
f8429ad1ed69d286815f69bb60475c83928c352f	d168e5da5f2d39baba4d7aff503923e40e75bfdc
f886e84ef904c65024a9a8d0e14b066777e9f7c8	a8e31103d1833defee607bc94eb391d48882f834
f891f2a7d051d2b65c5a3d28f90b104555a1b0e2	827fdc8e9bfe21ff9b558c1c8d65504ca0e07295
f90e3c7fecc9af6d61bb8ba192b1e832acf19022	f3f4e94172a0c8b93d6e1ea2f6db0739788dfb78
f93a6dba614e094137d0a9ac9d4fcf2728f25688	27e47f99f79a963dab800da2b7e73c61c46bace3
f98b43efff5ce2dd6e0fc6cff27deddb2384d50c	6960547d223ff21db7f5726748419b118b11e195
f9a9690246598a89993addeac2cb5ee72d8435c5	faff4a77ee0c4369a0bbf4b325cb74475dd9b266
f9fab99c7a3ca7e1e25cb844f043d32fd01a3ca6	2de89d6ab5a5134d922a8ad05afa094ee7c356cd
f9fb5be6f6bc4ee94007780b2b8a48796674b6ba	8e750ae076d764633cdea582eda4bc7366c17ca4
fa1f1972efa5f6bb3b9319f6da7831422eb2b6d6	716563837a5297ed7efbc7cd39ae629aafa052cf
fa3d751fd391c32a00a150ad8e77a033b2cdded1	d225ce51de6aa23805af4936767494b0caa9c20a
fa445b5488c646eb881498b460dfe2d2b3d81f66	595abf901955057a56c75386b0286c709d113d49
fa70f259b3cce12fbc076ff51bea6caa597d938f	d4d657ee37d57024afe22b662eb79810ff7b6210
fa7e0926d0dbd9170b7a5fbe6200ce90d101d9e5	60c64db77630d30b953cd247377b292729ea825b
fabac2f3f53bc00cbe7c88c93318b26cc7253072	1b3a449714050144468c127396598663d1e69336
fae9902d04a054a31f1bdc107a76fe51afc1a714	28d516e7b47f5ff538da5415bf9cbee48a3774af
faf0ede284fde594a8672a9e0af609770867893a	9a8c9037082ce167d9c0061fb4ca33397cc5c831
fb48a30692554aa632fa1f4d66b1d34e921e7414	7d471bbee6ff26003759014ae6eb343bb827c339
fb4dd37a5392735706ca5621b8b22086a6d895ee	c91f16674a0f8a1fd6e01f04b5348ec699885048
fb53e3da3713399584f4df4751f13bfde13b7fc8	fe6c0c9c103ff5879bb2239b54a63c597fe51c31
fb69f281abcf7060c1a55b3b118fbb7d60997f60	53e0db6514448e295b239f8ffe8a5010a9357d98
fba3bcd905c683dfd8f5a59bee1038674323bb43	c234cce42b6504ea660a665d89ea2fa386db440e
fc380c68c212e68c3ee3373a696a8eeb82dd9c13	0c89a34bb7c74bfd1c36957b36f351bb580f848e
fc4fdbfcf623e5659e349e2c81f709cd9afa3bea	63c38ed003093e8c2c4543f36f13f64bfe7c622c
fc6528453493f8d47c963fc8ee8007db8b740223	5df8a4837572ec68411e79fa98b0ed1aee12dd20
fc8b331aab1e051313c7b8e1e2a8d9dc4857f0e4	534937aa65714b102d8e015ee7147b08d0ff4ed0
fcab7ccd274a8930d1127f652eb7203e7e0ed690	ca81a84bf155315628341bc18a7d342d413e287e
fcd6d92c85c8bbc20264ddc29688002e54a4753f	dd5068517ccc717ad6a930144a607f130409ad36
fcf58459ababc029b13681692e9a646668482b76	284d18edd37f1a47dcc7db2d3133892a35dc3895
fcfc30e0c1b68c7dd71c664761ac81985eff98bf	7161a860ab17322e2ad1adcba2934f0e2b70b31b
fd9a770be02ec5b036aa41571233d4180fa11487	5cf2aea91924e96f8f1de2eb811727254c185755
fdaf3420443610b6da9ba57173aca8455ad9552a	8e823516be0b3953917fce4b001b45d9be88f95c
fe0725c942a665cce01d7087cab8636507006102	682ea9d2e696f4dd3970b8fa466ed259b7326d90
fe299574a9a1a0e823c95f02ced89ec85960dcd1	99821b17d29e9b295e9ec75587c3b8938a2825db
febe2b19eaa214eb90e2852776bd60b04c763446	18be1c1bf5e77795c2e5b687ca76abda19c3dcf7
fefb62a2c5bdf8993b56c7165d6efee5aaab7df1	b1d07af71817bf52f083c0225e144857da352088
ff0580a3209d5b25369c195b28eaf523b77713b3	16a40d98ed0e5d25861ba6fdcee9b1fe9ae44950
ff249a5b70d86d1db15d79863df00df67413722f	1a72f416b72bf262891dcf8054c8ce44cc561fad
ff24bce3ffea37ac37301bcdc4a806e5b25262f5	bee02cdde1180caa95bf93080822c8ddb5a23b7f
ff25f8538fc9d17960fc73230710e629a80edabb	809665086fee25635aa30e6911778daa4d9e054a
ff5325ae0fca55853f79243cc35ed4852b07dc15	6efb559607616795f357482858f8f4be94a03aa0
ff5557243345c051884eb3df7dc729d50db13f49	884532ef697ff0bc4d0f42e49651a69da6d8a53f
ff56d50fc58cc6051237b559be2c861afe4d6760	6d728f03a0e8f3c629e7e872c37f8c84e2293f02
ffdcc726ed6e852d081ecee860930cf60d95f844	3e713d81b7091004c18f37ac08f2cf27de726dda
